#
# A fatal error has been detected by the Java Runtime Environment:
#
#  EXCEPTION_ACCESS_VIOLATION (0xc0000005) at pc=0x00007fff74d8927b, pid=96, tid=21608
#
# JRE version: OpenJDK Runtime Environment Microsoft-13106358 (17.0.18+8) (build 17.0.18+8-LTS)
# Java VM: OpenJDK 64-Bit Server VM Microsoft-13106358 (17.0.18+8-LTS, mixed mode, sharing, tiered, compressed oops, compressed class ptrs, g1 gc, windows-amd64)
# Problematic frame:
# V  [jvm.dll+0x22927b]
#
# No core dump will be written. Minidumps are not enabled by default on client versions of Windows
#
# If you would like to submit a bug report, please visit:
#   https://github.com/microsoft/openjdk/issues
#

---------------  S U M M A R Y ------------

Command Line: --add-opens=java.base/java.util=ALL-UNNAMED --add-opens=java.base/java.lang=ALL-UNNAMED --add-opens=java.base/java.lang.invoke=ALL-UNNAMED --add-opens=java.prefs/java.util.prefs=ALL-UNNAMED --add-opens=java.base/java.nio.charset=ALL-UNNAMED --add-opens=java.base/java.net=ALL-UNNAMED --add-opens=java.base/java.util.concurrent.atomic=ALL-UNNAMED -Xmx2048m -Dfile.encoding=UTF-8 -Duser.country=US -Duser.language=en -Duser.variant -javaagent:D:\.gradle\wrapper\dists\gradle-8.1-bin\2eyty4r6kz6fpakefpk52nbbm\gradle-8.1\lib\agents\gradle-instrumentation-agent-8.1.jar org.gradle.launcher.daemon.bootstrap.GradleDaemon 8.1

Host: Intel(R) Core(TM) i7-7700HQ CPU @ 2.80GHz, 8 cores, 31G,  Windows 10 , 64 bit Build 19041 (10.0.19041.5915)
Time: Wed Jul 22 14:55:34 2026 Malay Peninsula Standard Time elapsed time: 1594.219812 seconds (0d 0h 26m 34s)

---------------  T H R E A D  ---------------

Current thread (0x000001f742e44510):  JavaThread "C2 CompilerThread1" daemon [_thread_in_native, id=21608, stack(0x000000565f200000,0x000000565f300000)]


Current CompileTask:
C2:1594219 34576       4       org.jetbrains.org.objectweb.asm.ClassReader::readMethod (1061 bytes)

Stack: [0x000000565f200000,0x000000565f300000],  sp=0x000000565f2fb200,  free space=1004k
Native frames: (J=compiled Java code, j=interpreted, Vv=VM code, C=native code)
V  [jvm.dll+0x22927b]  (no source info available)
V  [jvm.dll+0x5b56cb]  (no source info available)
V  [jvm.dll+0x5ade1c]  (no source info available)
V  [jvm.dll+0x2c1ead]  (no source info available)
V  [jvm.dll+0x2c1570]  (no source info available)
V  [jvm.dll+0x2be5a5]  (no source info available)
V  [jvm.dll+0x2bec2a]  (no source info available)
V  [jvm.dll+0x21f86f]  (no source info available)
V  [jvm.dll+0x21d260]  (no source info available)
V  [jvm.dll+0x1a8ce6]  (no source info available)
V  [jvm.dll+0x22db1b]  (no source info available)
V  [jvm.dll+0x22bca6]  (no source info available)
V  [jvm.dll+0x7fbabb]  (no source info available)
V  [jvm.dll+0x7f5ebc]  (no source info available)
V  [jvm.dll+0x68de17]  (no source info available)
C  [ucrtbase.dll+0x21bb2]  (no source info available)
C  [KERNEL32.DLL+0x17374]  (no source info available)
C  [ntdll.dll+0x4cc91]  (no source info available)


siginfo: EXCEPTION_ACCESS_VIOLATION (0xc0000005), reading address 0x0000000000000010


Registers:
RAX=0x000001f77a2ff778, RBX=0x000001f741c988d8, RCX=0x000000565f2feab0, RDX=0x0000000000000000
RSP=0x000000565f2fb200, RBP=0x0000000000000055, RSI=0x000000000000000a, RDI=0x000001f742f19ca0
R8 =0x0000000000000069, R9 =0x0000000000000004, R10=0x00007fffad880000, R11=0x0000000000000000
R12=0x000000000000000c, R13=0x0000000000000000, R14=0x000000565f2fb440, R15=0x000000000000000a
RIP=0x00007fff74d8927b, EFLAGS=0x0000000000010206

XMM[0]=0x0000000000000000 0x0000000000000000
XMM[1]=0x000001f749fa6808 0x000001f741c98a88
XMM[2]=0x000001f74eb2d500 0x000001f742f1e768
XMM[3]=0x000001f779cf6f48 0x000001f779cf6fb8
XMM[4]=0x000001f779d4b948 0x000001f779d4a590
XMM[5]=0x000001f77c070778 0x000001f77c070778
XMM[6]=0x0000000000000000 0x0000000000000000
XMM[7]=0x0000000000000000 0x0000000000000000
XMM[8]=0x0000000000000000 0x0000000000000000
XMM[9]=0x0000000000000000 0x0000000000000000
XMM[10]=0x0000000000000000 0x0000000000000000
XMM[11]=0x0000000000000000 0x0000000000000000
XMM[12]=0x0000000000000000 0x0000000000000000
XMM[13]=0x0000000000000000 0x0000000000000000
XMM[14]=0x0000000000000000 0x0000000000000000
XMM[15]=0x0000000000000000 0x0000000000000000
  MXCSR=0x00001fa0


Register to memory mapping:

RIP=0x00007fff74d8927b jvm.dll
RAX=0x000001f77a2ff778 points into unknown readable memory: 0x0000000000000055 | 55 00 00 00 00 00 00 00
RBX=0x000001f741c988d8 points into unknown readable memory: 0x00007fff7550e6f8 | f8 e6 50 75 ff 7f 00 00
RCX=0x000000565f2feab0 is pointing into the stack for thread: 0x000001f742e44510
RDX=0x0 is NULL
RSP=0x000000565f2fb200 is pointing into the stack for thread: 0x000001f742e44510
RBP=0x0000000000000055 is an unknown value
RSI=0x000000000000000a is an unknown value
RDI=0x000001f742f19ca0 points into unknown readable memory: 0x00007fff7553e8c8 | c8 e8 53 75 ff 7f 00 00
R8 =0x0000000000000069 is an unknown value
R9 =0x0000000000000004 is an unknown value
R10=0x00007fffad880000 VCRUNTIME140.dll
R11=0x0 is NULL
R12=0x000000000000000c is an unknown value
R13=0x0 is NULL
R14=0x000000565f2fb440 is pointing into the stack for thread: 0x000001f742e44510
R15=0x000000000000000a is an unknown value


Top of Stack: (sp=0x000000565f2fb200)
0x000000565f2fb200:   000000000000000a 0000000000000000
0x000000565f2fb210:   0000000000000000 000000565f2fb440
0x000000565f2fb220:   000001f741c988d8 00007fff751156cb
0x000000565f2fb230:   000000565f2fef60 000000000000000a
0x000000565f2fb240:   000001f742f19ca0 00007fff7536a210
0x000000565f2fb250:   000001f77cbc8fd0 000001f77f964b80
0x000000565f2fb260:   000001f77fa09c00 000001f77fffff00
0x000000565f2fb270:   000000000000000c 0000000000000004
0x000000565f2fb280:   0000000000000bec 00007fff75367b01
0x000000565f2fb290:   000000007fffffff 0000000000000001
0x000000565f2fb2a0:   0000000000000000 000001f74d5066e8
0x000000565f2fb2b0:   000000000000000c 000000000000000a
0x000000565f2fb2c0:   000001f742f198c0 0000000000000000
0x000000565f2fb2d0:   000001f741c98a88 000001f774348da0
0x000000565f2fb2e0:   000001f774368e40 000000565f2fb440
0x000000565f2fb2f0:   000001f74cc9e1d0 00007fff7510de1c
0x000000565f2fb300:   000001f700000055 000001f741c988d8
0x000000565f2fb310:   000001f741c99520 00007fff0000000a
0x000000565f2fb320:   000001f774368e40 000001f742f19ca0
0x000000565f2fb330:   000001f77e12ef78 00007fff74e09f9c
0x000000565f2fb340:   000001f742f198c0 000001f742d09870
0x000000565f2fb350:   0000000000000000 000001f74d5066e8
0x000000565f2fb360:   000001f77fa09c48 0000000000000004
0x000000565f2fb370:   000001f74d5063b8 00007fff74bdba54
0x000000565f2fb380:   000001f74c516b80 000001f74d5063b8
0x000000565f2fb390:   000001f77fa09c00 000001f74d506678
0x000000565f2fb3a0:   000001f741c98a88 000001f74c516b80
0x000000565f2fb3b0:   000001f7417ed1e0 000001f77cd3f3d0
0x000000565f2fb3c0:   0000000000000006 0000000000000001
0x000000565f2fb3d0:   000001f77e12ef78 00007fff74e21ead
0x000000565f2fb3e0:   000000565f2fb440 000001f77e12ef78
0x000000565f2fb3f0:   0000000000000000 0000000000000000 

Instructions: (pc=0x00007fff74d8927b)
0x00007fff74d8917b:   01 00 00 00 48 8b f9 39 99 f0 01 00 00 7e 62 66
0x00007fff74d8918b:   0f 1f 44 00 00 4c 8b 87 f8 01 00 00 8d 43 ff 48
0x00007fff74d8919b:   63 d0 48 63 c3 49 8d 14 d0 49 8d 0c c0 e8 33 7b
0x00007fff74d891ab:   ff ff 85 c0 78 15 ff c3 3b 9f f0 01 00 00 7c d5
0x00007fff74d891bb:   48 8b 5c 24 30 48 83 c4 20 5f c3 48 8b 8f f8 01
0x00007fff74d891cb:   00 00 48 85 c9 74 1a 48 63 97 f0 01 00 00 4c 8d
0x00007fff74d891db:   0d 00 7b ff ff 41 b8 08 00 00 00 ff 15 5c a7 67
0x00007fff74d891eb:   00 48 8b 5c 24 30 48 83 c4 20 5f c3 cc cc cc cc
0x00007fff74d891fb:   cc cc cc cc cc 48 83 ec 08 4c 63 91 a8 01 00 00
0x00007fff74d8920b:   4c 8b c9 4d 85 d2 7e 4a 33 c0 48 89 1c 24 44 8b
0x00007fff74d8921b:   c0 0f 1f 40 00 4d 8b 99 b0 01 00 00 49 8b 1c c3
0x00007fff74d8922b:   8b 4b 2c 83 e1 3f 80 f9 27 75 1b 49 3b c0 74 13
0x00007fff74d8923b:   4b 8b 14 c3 4b 89 1c c3 49 8b 89 b0 01 00 00 48
0x00007fff74d8924b:   89 14 c1 49 ff c0 48 ff c0 49 3b c2 7c c7 48 8b
0x00007fff74d8925b:   1c 24 48 83 c4 08 c3 cc cc cc cc cc cc cc cc cc
0x00007fff74d8926b:   cc cc cc cc cc 48 83 ec 28 48 8b 91 d0 02 00 00
0x00007fff74d8927b:   48 8b 42 10 8b 4a 20 4c 8d 04 c8 49 3b c0 73 1c
0x00007fff74d8928b:   0f 1f 44 00 00 48 8b 10 8b 4a 2c 83 e1 0f 80 f9
0x00007fff74d8929b:   09 74 33 48 83 c0 08 49 3b c0 72 e9 4c 8d 0d 4a
0x00007fff74d892ab:   7a 72 00 41 b8 50 04 00 00 48 8d 15 5d 7a 72 00
0x00007fff74d892bb:   b9 00 00 00 e0 e8 1b 39 02 00 e8 46 57 46 00 33
0x00007fff74d892cb:   c0 48 83 c4 28 c3 48 8b c2 48 83 c4 28 c3 cc cc
0x00007fff74d892db:   cc cc cc cc cc 48 89 5c 24 08 48 89 6c 24 10 48
0x00007fff74d892eb:   89 74 24 18 48 89 7c 24 20 41 56 48 83 ec 20 48
0x00007fff74d892fb:   3b 15 f7 2d 96 00 49 8b f0 48 8b fa 48 8b e9 0f
0x00007fff74d8930b:   84 18 01 00 00 48 8b 02 48 8b ca 48 8b da 4d 8b
0x00007fff74d8931b:   f0 ff 50 58 84 c0 74 0b 48 8b cb e8 85 c7 f9 ff
0x00007fff74d8932b:   48 8b d8 48 8b 0e 48 8b 51 58 48 8b ce ff d2 84
0x00007fff74d8933b:   c0 74 0b 48 8b ce e8 6a c7 f9 ff 4c 8b f0 48 8b
0x00007fff74d8934b:   0e 48 8b 91 b8 00 00 00 48 8b ce ff d2 84 c0 75
0x00007fff74d8935b:   60 48 8b d7 48 8b ce e8 f9 5b fa ff 84 c0 0f 85
0x00007fff74d8936b:   b9 00 00 00 48 8b 03 48 8b cb ff 50 48 84 c0 74 


Stack slot to memory mapping:
stack at sp + 0 slots: 0x000000000000000a is an unknown value
stack at sp + 1 slots: 0x0 is NULL
stack at sp + 2 slots: 0x0 is NULL
stack at sp + 3 slots: 0x000000565f2fb440 is pointing into the stack for thread: 0x000001f742e44510
stack at sp + 4 slots: 0x000001f741c988d8 points into unknown readable memory: 0x00007fff7550e6f8 | f8 e6 50 75 ff 7f 00 00
stack at sp + 5 slots: 0x00007fff751156cb jvm.dll
stack at sp + 6 slots: 0x000000565f2fef60 is pointing into the stack for thread: 0x000001f742e44510
stack at sp + 7 slots: 0x000000000000000a is an unknown value


---------------  P R O C E S S  ---------------

Threads class SMR info:
_java_thread_list=0x000001f77f659170, length=146, elements={
0x000001f755d71510, 0x000001f7743230d0, 0x000001f774323e60, 0x000001f77433a140,
0x000001f77433cb20, 0x000001f77433d3f0, 0x000001f77433dcc0, 0x000001f774340980,
0x000001f7743aca70, 0x000001f7743aefa0, 0x000001f774320130, 0x000001f7745629b0,
0x000001f7796a72c0, 0x000001f779ed8670, 0x000001f77aca1a40, 0x000001f77a1bba80,
0x000001f77a1bc9b0, 0x000001f77a1bbf90, 0x000001f77a1bd8e0, 0x000001f77a1bddf0,
0x000001f77a1bcec0, 0x000001f779d82420, 0x000001f779d82930, 0x000001f779d81a00,
0x000001f779d83d70, 0x000001f779d82e40, 0x000001f779d81f10, 0x000001f779d83350,
0x000001f779d84790, 0x000001f77b371000, 0x000001f77b372e60, 0x000001f77df18ac0,
0x000001f77df1ae30, 0x000001f77df18fd0, 0x000001f77df180a0, 0x000001f77df199f0,
0x000001f77df194e0, 0x000001f77df15820, 0x000001f77df17b90, 0x000001f77df17170,
0x000001f77df1bd60, 0x000001f77df16240, 0x000001f77df16750, 0x000001f77df17680,
0x000001f77df19f00, 0x000001f77df1a410, 0x000001f77df1a920, 0x000001f77df1b850,
0x000001f77df1c270, 0x000001f77df14e00, 0x000001f77df1c780, 0x000001f77df15310,
0x000001f7421c9510, 0x000001f7421c76b0, 0x000001f7421c7bc0, 0x000001f7421c2fd0,
0x000001f7421c9f30, 0x000001f7421c34e0, 0x000001f7421c5340, 0x000001f7421c6780,
0x000001f7421c4920, 0x000001f7421c5850, 0x000001f7421c6c90, 0x000001f7421c39f0,
0x000001f7421c5d60, 0x000001f7421c6270, 0x000001f7421c71a0, 0x000001f7421c9000,
0x000001f7421ca440, 0x000001f7421c80d0, 0x000001f7421c3f00, 0x000001f7421c4410,
0x000001f7421c85e0, 0x000001f7421c8af0, 0x000001f7748370e0, 0x000001f774832f10,
0x000001f774835280, 0x000001f7748361b0, 0x000001f774838f40, 0x000001f7748366c0,
0x000001f774835790, 0x000001f774838010, 0x000001f774833420, 0x000001f774833930,
0x000001f774831fe0, 0x000001f774833e40, 0x000001f774834350, 0x000001f774836bd0,
0x000001f7748375f0, 0x000001f774834860, 0x000001f774838520, 0x000001f774837b00,
0x000001f774838a30, 0x000001f774839960, 0x000001f7748324f0, 0x000001f774834d70,
0x000001f77d6020b0, 0x000001f77d602fe0, 0x000001f77d5ffd40, 0x000001f77d605860,
0x000001f77d604420, 0x000001f77d605d70, 0x000001f77d604930, 0x000001f77d606280,
0x000001f77d606790, 0x000001f77d606ca0, 0x000001f77d5ff830, 0x000001f77d600250,
0x000001f77d600c70, 0x000001f77b370af0, 0x000001f77b377030, 0x000001f77b376100,
0x000001f77b371a20, 0x000001f77b3742a0, 0x000001f77b3747b0, 0x000001f77b377a50,
0x000001f77b375bf0, 0x000001f77b376610, 0x000001f77b371f30, 0x000001f77b372950,
0x000001f77b374cc0, 0x000001f77a1bb060, 0x000001f77a1bb570, 0x000001f77a1be810,
0x000001f77a1bd3d0, 0x000001f779d83860, 0x000001f779d814f0, 0x000001f779d84280,
0x000001f779d80fe0, 0x000001f7491ebad0, 0x000001f7491ebfe0, 0x000001f7491ecf10,
0x000001f7491ed420, 0x000001f7491ec4f0, 0x000001f7491eca00, 0x000001f77c07a710,
0x000001f74303cc40, 0x000001f7421d5620, 0x000001f77d605350, 0x000001f77df15d30,
0x000001f741d77ab0, 0x000001f741d77fc0, 0x000001f741d775a0, 0x000001f741d79910,
0x000001f742e44510, 0x000001f7424eeaf0
}

Java Threads: ( => current thread )
  0x000001f755d71510 JavaThread "main" [_thread_blocked, id=1560, stack(0x0000005655900000,0x0000005655a00000)]
  0x000001f7743230d0 JavaThread "Reference Handler" daemon [_thread_blocked, id=21096, stack(0x0000005656000000,0x0000005656100000)]
  0x000001f774323e60 JavaThread "Finalizer" daemon [_thread_blocked, id=14416, stack(0x0000005656100000,0x0000005656200000)]
  0x000001f77433a140 JavaThread "Signal Dispatcher" daemon [_thread_blocked, id=12092, stack(0x0000005656200000,0x0000005656300000)]
  0x000001f77433cb20 JavaThread "Attach Listener" daemon [_thread_blocked, id=16968, stack(0x0000005656300000,0x0000005656400000)]
  0x000001f77433d3f0 JavaThread "Service Thread" daemon [_thread_blocked, id=16992, stack(0x0000005656400000,0x0000005656500000)]
  0x000001f77433dcc0 JavaThread "Monitor Deflation Thread" daemon [_thread_blocked, id=16152, stack(0x0000005656500000,0x0000005656600000)]
  0x000001f774340980 JavaThread "C2 CompilerThread0" daemon [_thread_in_native, id=16600, stack(0x0000005656600000,0x0000005656700000)]
  0x000001f7743aca70 JavaThread "C1 CompilerThread0" daemon [_thread_blocked, id=22016, stack(0x0000005656700000,0x0000005656800000)]
  0x000001f7743aefa0 JavaThread "Sweeper thread" daemon [_thread_blocked, id=8680, stack(0x0000005656800000,0x0000005656900000)]
  0x000001f774320130 JavaThread "Common-Cleaner" daemon [_thread_blocked, id=22200, stack(0x0000005656900000,0x0000005656a00000)]
  0x000001f7745629b0 JavaThread "Notification Thread" daemon [_thread_blocked, id=12084, stack(0x0000005656a00000,0x0000005656b00000)]
  0x000001f7796a72c0 JavaThread "Daemon health stats" [_thread_blocked, id=17180, stack(0x0000005657400000,0x0000005657500000)]
  0x000001f779ed8670 JavaThread "Incoming local TCP Connector on port 50241" [_thread_in_native, id=8080, stack(0x0000005657300000,0x0000005657400000)]
  0x000001f77aca1a40 JavaThread "Daemon periodic checks" [_thread_blocked, id=23276, stack(0x0000005657500000,0x0000005657600000)]
  0x000001f77a1bba80 JavaThread "Cache worker for journal cache (D:\.gradle\caches\journal-1)" [_thread_blocked, id=12192, stack(0x0000005657d00000,0x0000005657e00000)]
  0x000001f77a1bc9b0 JavaThread "File lock request listener" [_thread_in_native, id=19156, stack(0x0000005657e00000,0x0000005657f00000)]
  0x000001f77a1bbf90 JavaThread "Cache worker for file hash cache (D:\.gradle\caches\8.1\fileHashes)" [_thread_blocked, id=9016, stack(0x0000005658000000,0x0000005658100000)]
  0x000001f77a1bd8e0 JavaThread "File watcher server" daemon [_thread_in_native, id=5264, stack(0x0000005657f00000,0x0000005658000000)]
  0x000001f77a1bddf0 JavaThread "File watcher consumer" daemon [_thread_blocked, id=18028, stack(0x0000005658100000,0x0000005658200000)]
  0x000001f77a1bcec0 JavaThread "jar transforms" [_thread_blocked, id=23116, stack(0x0000005658300000,0x0000005658400000)]
  0x000001f779d82420 JavaThread "jar transforms Thread 2" [_thread_blocked, id=20544, stack(0x0000005658400000,0x0000005658500000)]
  0x000001f779d82930 JavaThread "jar transforms Thread 3" [_thread_blocked, id=14844, stack(0x0000005658500000,0x0000005658600000)]
  0x000001f779d81a00 JavaThread "jar transforms Thread 4" [_thread_blocked, id=13248, stack(0x0000005658600000,0x0000005658700000)]
  0x000001f779d83d70 JavaThread "jar transforms Thread 5" [_thread_blocked, id=18224, stack(0x0000005658700000,0x0000005658800000)]
  0x000001f779d82e40 JavaThread "jar transforms Thread 6" [_thread_blocked, id=17024, stack(0x0000005658800000,0x0000005658900000)]
  0x000001f779d81f10 JavaThread "jar transforms Thread 7" [_thread_blocked, id=10184, stack(0x0000005658900000,0x0000005658a00000)]
  0x000001f779d83350 JavaThread "jar transforms Thread 8" [_thread_blocked, id=3592, stack(0x0000005658a00000,0x0000005658b00000)]
  0x000001f779d84790 JavaThread "Cache worker for file content cache (D:\.gradle\caches\8.1\fileContent)" [_thread_blocked, id=17660, stack(0x0000005658d00000,0x0000005658e00000)]
  0x000001f77b371000 JavaThread "Cache worker for execution history cache (D:\.gradle\caches\8.1\executionHistory)" [_thread_blocked, id=13512, stack(0x0000005659100000,0x0000005659200000)]
  0x000001f77b372e60 JavaThread "Memory manager" [_thread_blocked, id=21472, stack(0x000000565a200000,0x000000565a300000)]
  0x000001f77df18ac0 JavaThread "Daemon Thread 2" [_thread_blocked, id=2372, stack(0x0000005655600000,0x0000005655700000)]
  0x000001f77df1ae30 JavaThread "Handler for socket connection from /127.0.0.1:50241 to /127.0.0.1:50732" [_thread_in_native, id=14032, stack(0x0000005655700000,0x0000005655800000)]
  0x000001f77df18fd0 JavaThread "Cancel handler" [_thread_blocked, id=23032, stack(0x0000005655800000,0x0000005655900000)]
  0x000001f77df180a0 JavaThread "Daemon worker Thread 2" [_thread_blocked, id=14232, stack(0x0000005657600000,0x0000005657700000)]
  0x000001f77df199f0 JavaThread "Asynchronous log dispatcher for DefaultDaemonConnection: socket connection from /127.0.0.1:50241 to /127.0.0.1:50732" [_thread_blocked, id=2484, stack(0x0000005657700000,0x0000005657800000)]
  0x000001f77df194e0 JavaThread "Daemon client event forwarder" [_thread_blocked, id=21536, stack(0x0000005657900000,0x0000005657a00000)]
  0x000001f77df15820 JavaThread "Cache worker for checksums cache (D:\Android Studio Projects\VoidAscension\.gradle\8.1\checksums)" [_thread_blocked, id=6148, stack(0x0000005657c00000,0x0000005657d00000)]
  0x000001f77df17b90 JavaThread "Cache worker for cache directory md-rule (D:\.gradle\caches\8.1\md-rule)" [_thread_blocked, id=13432, stack(0x0000005658200000,0x0000005658300000)]
  0x000001f77df17170 JavaThread "Cache worker for file hash cache (D:\Android Studio Projects\VoidAscension\.gradle\8.1\fileHashes)" [_thread_blocked, id=23164, stack(0x0000005658c00000,0x0000005658d00000)]
  0x000001f77df1bd60 JavaThread "Cache worker for cache directory md-supplier (D:\.gradle\caches\8.1\md-supplier)" [_thread_blocked, id=12268, stack(0x0000005658e00000,0x0000005658f00000)]
  0x000001f77df16240 JavaThread "Cache worker for dependencies-accessors (D:\Android Studio Projects\VoidAscension\.gradle\8.1\dependencies-accessors)" [_thread_blocked, id=21184, stack(0x0000005658f00000,0x0000005659000000)]
  0x000001f77df16750 JavaThread "Cache worker for Build Output Cleanup Cache (D:\Android Studio Projects\VoidAscension\.gradle\buildOutputCleanup)" [_thread_blocked, id=16316, stack(0x0000005659000000,0x0000005659100000)]
  0x000001f77df17680 JavaThread "Unconstrained build operations" [_thread_blocked, id=7776, stack(0x0000005659400000,0x0000005659500000)]
  0x000001f77df19f00 JavaThread "Unconstrained build operations Thread 2" [_thread_blocked, id=11040, stack(0x0000005659500000,0x0000005659600000)]
  0x000001f77df1a410 JavaThread "Unconstrained build operations Thread 3" [_thread_blocked, id=12156, stack(0x0000005659600000,0x0000005659700000)]
  0x000001f77df1a920 JavaThread "Unconstrained build operations Thread 4" [_thread_blocked, id=10132, stack(0x0000005659700000,0x0000005659800000)]
  0x000001f77df1b850 JavaThread "Unconstrained build operations Thread 5" [_thread_blocked, id=11604, stack(0x0000005659800000,0x0000005659900000)]
  0x000001f77df1c270 JavaThread "Unconstrained build operations Thread 6" [_thread_blocked, id=6308, stack(0x0000005659900000,0x0000005659a00000)]
  0x000001f77df14e00 JavaThread "Unconstrained build operations Thread 7" [_thread_blocked, id=20676, stack(0x0000005659a00000,0x0000005659b00000)]
  0x000001f77df1c780 JavaThread "build event listener" [_thread_blocked, id=11704, stack(0x0000005659b00000,0x0000005659c00000)]
  0x000001f77df15310 JavaThread "build event listener" [_thread_blocked, id=21700, stack(0x0000005659c00000,0x0000005659d00000)]
  0x000001f7421c9510 JavaThread "included builds" [_thread_blocked, id=11656, stack(0x0000005659d00000,0x0000005659e00000)]
  0x000001f7421c76b0 JavaThread "Execution worker" [_thread_blocked, id=14240, stack(0x0000005659e00000,0x0000005659f00000)]
  0x000001f7421c7bc0 JavaThread "Execution worker Thread 2" [_thread_blocked, id=5504, stack(0x000000565a100000,0x000000565a200000)]
  0x000001f7421c2fd0 JavaThread "Execution worker Thread 3" [_thread_blocked, id=17300, stack(0x000000565a300000,0x000000565a400000)]
  0x000001f7421c9f30 JavaThread "Execution worker Thread 4" [_thread_blocked, id=22316, stack(0x000000565a400000,0x000000565a500000)]
  0x000001f7421c34e0 JavaThread "Execution worker Thread 5" [_thread_blocked, id=21040, stack(0x000000565a500000,0x000000565a600000)]
  0x000001f7421c5340 JavaThread "Execution worker Thread 6" [_thread_blocked, id=22748, stack(0x000000565a600000,0x000000565a700000)]
  0x000001f7421c6780 JavaThread "Execution worker Thread 7" [_thread_blocked, id=4112, stack(0x000000565a700000,0x000000565a800000)]
  0x000001f7421c4920 JavaThread "Cache worker for execution history cache (D:\Android Studio Projects\VoidAscension\.gradle\8.1\executionHistory)" [_thread_blocked, id=14076, stack(0x000000565a800000,0x000000565a900000)]
  0x000001f7421c5850 JavaThread "Unconstrained build operations Thread 8" [_thread_blocked, id=17384, stack(0x000000565a900000,0x000000565aa00000)]
  0x000001f7421c6c90 JavaThread "Unconstrained build operations Thread 9" [_thread_blocked, id=20856, stack(0x000000565aa00000,0x000000565ab00000)]
  0x000001f7421c39f0 JavaThread "Unconstrained build operations Thread 10" [_thread_blocked, id=1684, stack(0x000000565ab00000,0x000000565ac00000)]
  0x000001f7421c5d60 JavaThread "Unconstrained build operations Thread 11" [_thread_blocked, id=2584, stack(0x000000565ac00000,0x000000565ad00000)]
  0x000001f7421c6270 JavaThread "Unconstrained build operations Thread 12" [_thread_blocked, id=13716, stack(0x000000565ad00000,0x000000565ae00000)]
  0x000001f7421c71a0 JavaThread "Unconstrained build operations Thread 13" [_thread_blocked, id=23172, stack(0x000000565ae00000,0x000000565af00000)]
  0x000001f7421c9000 JavaThread "Unconstrained build operations Thread 14" [_thread_blocked, id=20740, stack(0x000000565af00000,0x000000565b000000)]
  0x000001f7421ca440 JavaThread "Unconstrained build operations Thread 15" [_thread_blocked, id=2884, stack(0x000000565b000000,0x000000565b100000)]
  0x000001f7421c80d0 JavaThread "Unconstrained build operations Thread 16" [_thread_blocked, id=20392, stack(0x000000565b100000,0x000000565b200000)]
  0x000001f7421c3f00 JavaThread "Unconstrained build operations Thread 17" [_thread_blocked, id=9268, stack(0x000000565b200000,0x000000565b300000)]
  0x000001f7421c4410 JavaThread "Unconstrained build operations Thread 18" [_thread_blocked, id=17116, stack(0x000000565b300000,0x000000565b400000)]
  0x000001f7421c85e0 JavaThread "Unconstrained build operations Thread 19" [_thread_blocked, id=10732, stack(0x000000565b400000,0x000000565b500000)]
  0x000001f7421c8af0 JavaThread "Unconstrained build operations Thread 20" [_thread_blocked, id=13108, stack(0x000000565b500000,0x000000565b600000)]
  0x000001f7748370e0 JavaThread "Unconstrained build operations Thread 21" [_thread_blocked, id=8768, stack(0x000000565b600000,0x000000565b700000)]
  0x000001f774832f10 JavaThread "Unconstrained build operations Thread 22" [_thread_blocked, id=16232, stack(0x000000565b700000,0x000000565b800000)]
  0x000001f774835280 JavaThread "Unconstrained build operations Thread 23" [_thread_blocked, id=18496, stack(0x000000565b800000,0x000000565b900000)]
  0x000001f7748361b0 JavaThread "Unconstrained build operations Thread 24" [_thread_blocked, id=13528, stack(0x000000565b900000,0x000000565ba00000)]
  0x000001f774838f40 JavaThread "Unconstrained build operations Thread 25" [_thread_blocked, id=3876, stack(0x000000565ba00000,0x000000565bb00000)]
  0x000001f7748366c0 JavaThread "Unconstrained build operations Thread 26" [_thread_blocked, id=12040, stack(0x000000565bb00000,0x000000565bc00000)]
  0x000001f774835790 JavaThread "Unconstrained build operations Thread 27" [_thread_blocked, id=19804, stack(0x000000565bc00000,0x000000565bd00000)]
  0x000001f774838010 JavaThread "Unconstrained build operations Thread 28" [_thread_blocked, id=18972, stack(0x000000565bd00000,0x000000565be00000)]
  0x000001f774833420 JavaThread "Unconstrained build operations Thread 29" [_thread_blocked, id=17620, stack(0x000000565be00000,0x000000565bf00000)]
  0x000001f774833930 JavaThread "Unconstrained build operations Thread 30" [_thread_blocked, id=3676, stack(0x000000565bf00000,0x000000565c000000)]
  0x000001f774831fe0 JavaThread "Unconstrained build operations Thread 31" [_thread_blocked, id=13252, stack(0x000000565c000000,0x000000565c100000)]
  0x000001f774833e40 JavaThread "Unconstrained build operations Thread 32" [_thread_blocked, id=15932, stack(0x000000565c100000,0x000000565c200000)]
  0x000001f774834350 JavaThread "Unconstrained build operations Thread 33" [_thread_blocked, id=16236, stack(0x000000565c200000,0x000000565c300000)]
  0x000001f774836bd0 JavaThread "Unconstrained build operations Thread 34" [_thread_blocked, id=10580, stack(0x000000565c300000,0x000000565c400000)]
  0x000001f7748375f0 JavaThread "Unconstrained build operations Thread 35" [_thread_blocked, id=22948, stack(0x000000565c400000,0x000000565c500000)]
  0x000001f774834860 JavaThread "Unconstrained build operations Thread 36" [_thread_blocked, id=21624, stack(0x000000565c500000,0x000000565c600000)]
  0x000001f774838520 JavaThread "Unconstrained build operations Thread 37" [_thread_blocked, id=19148, stack(0x000000565c600000,0x000000565c700000)]
  0x000001f774837b00 JavaThread "Unconstrained build operations Thread 38" [_thread_blocked, id=19184, stack(0x000000565c700000,0x000000565c800000)]
  0x000001f774838a30 JavaThread "Unconstrained build operations Thread 39" [_thread_blocked, id=12476, stack(0x000000565c800000,0x000000565c900000)]
  0x000001f774839960 JavaThread "Unconstrained build operations Thread 40" [_thread_blocked, id=23256, stack(0x000000565c900000,0x000000565ca00000)]
  0x000001f7748324f0 JavaThread "Unconstrained build operations Thread 41" [_thread_in_native, id=22996, stack(0x000000565ca00000,0x000000565cb00000)]
  0x000001f774834d70 JavaThread "Unconstrained build operations Thread 42" [_thread_blocked, id=19788, stack(0x000000565cb00000,0x000000565cc00000)]
  0x000001f77d6020b0 JavaThread "Unconstrained build operations Thread 43" [_thread_blocked, id=20216, stack(0x000000565cc00000,0x000000565cd00000)]
  0x000001f77d602fe0 JavaThread "Unconstrained build operations Thread 44" [_thread_blocked, id=22708, stack(0x000000565cd00000,0x000000565ce00000)]
  0x000001f77d5ffd40 JavaThread "Unconstrained build operations Thread 45" [_thread_blocked, id=15044, stack(0x000000565ce00000,0x000000565cf00000)]
  0x000001f77d605860 JavaThread "Unconstrained build operations Thread 46" [_thread_blocked, id=10560, stack(0x000000565cf00000,0x000000565d000000)]
  0x000001f77d604420 JavaThread "Unconstrained build operations Thread 47" [_thread_blocked, id=18928, stack(0x000000565d000000,0x000000565d100000)]
  0x000001f77d605d70 JavaThread "Unconstrained build operations Thread 48" [_thread_blocked, id=13368, stack(0x000000565d100000,0x000000565d200000)]
  0x000001f77d604930 JavaThread "Unconstrained build operations Thread 49" [_thread_blocked, id=8396, stack(0x000000565d200000,0x000000565d300000)]
  0x000001f77d606280 JavaThread "Unconstrained build operations Thread 50" [_thread_blocked, id=17836, stack(0x000000565d300000,0x000000565d400000)]
  0x000001f77d606790 JavaThread "Unconstrained build operations Thread 51" [_thread_blocked, id=9428, stack(0x000000565d400000,0x000000565d500000)]
  0x000001f77d606ca0 JavaThread "Unconstrained build operations Thread 52" [_thread_blocked, id=23240, stack(0x000000565d500000,0x000000565d600000)]
  0x000001f77d5ff830 JavaThread "Unconstrained build operations Thread 53" [_thread_blocked, id=20684, stack(0x000000565d600000,0x000000565d700000)]
  0x000001f77d600250 JavaThread "Unconstrained build operations Thread 54" [_thread_blocked, id=12164, stack(0x000000565d700000,0x000000565d800000)]
  0x000001f77d600c70 JavaThread "Unconstrained build operations Thread 55" [_thread_blocked, id=17420, stack(0x000000565d800000,0x000000565d900000)]
  0x000001f77b370af0 JavaThread "Unconstrained build operations Thread 56" [_thread_blocked, id=21652, stack(0x000000565d900000,0x000000565da00000)]
  0x000001f77b377030 JavaThread "Unconstrained build operations Thread 57" [_thread_blocked, id=21488, stack(0x000000565da00000,0x000000565db00000)]
  0x000001f77b376100 JavaThread "Unconstrained build operations Thread 58" [_thread_blocked, id=22580, stack(0x000000565db00000,0x000000565dc00000)]
  0x000001f77b371a20 JavaThread "Unconstrained build operations Thread 59" [_thread_blocked, id=4292, stack(0x000000565dc00000,0x000000565dd00000)]
  0x000001f77b3742a0 JavaThread "Unconstrained build operations Thread 60" [_thread_blocked, id=22124, stack(0x000000565dd00000,0x000000565de00000)]
  0x000001f77b3747b0 JavaThread "Unconstrained build operations Thread 61" [_thread_blocked, id=16800, stack(0x000000565de00000,0x000000565df00000)]
  0x000001f77b377a50 JavaThread "Unconstrained build operations Thread 62" [_thread_blocked, id=14400, stack(0x000000565df00000,0x000000565e000000)]
  0x000001f77b375bf0 JavaThread "Unconstrained build operations Thread 63" [_thread_blocked, id=21088, stack(0x000000565e000000,0x000000565e100000)]
  0x000001f77b376610 JavaThread "Unconstrained build operations Thread 64" [_thread_blocked, id=22584, stack(0x000000565e100000,0x000000565e200000)]
  0x000001f77b371f30 JavaThread "Unconstrained build operations Thread 65" [_thread_blocked, id=16436, stack(0x000000565e200000,0x000000565e300000)]
  0x000001f77b372950 JavaThread "pool-4-thread-1" [_thread_blocked, id=21268, stack(0x000000565e300000,0x000000565e400000)]
  0x000001f77b374cc0 JavaThread "stderr" [_thread_in_native, id=20284, stack(0x000000565e400000,0x000000565e500000)]
  0x000001f77a1bb060 JavaThread "stdout" [_thread_in_native, id=15076, stack(0x000000565e500000,0x000000565e600000)]
  0x000001f77a1bb570 JavaThread "Unconstrained build operations Thread 66" [_thread_blocked, id=15864, stack(0x000000565e600000,0x000000565e700000)]
  0x000001f77a1be810 JavaThread "Unconstrained build operations Thread 67" [_thread_blocked, id=10804, stack(0x000000565e700000,0x000000565e800000)]
  0x000001f77a1bd3d0 JavaThread "Unconstrained build operations Thread 68" [_thread_blocked, id=4208, stack(0x000000565e800000,0x000000565e900000)]
  0x000001f779d83860 JavaThread "Unconstrained build operations Thread 69" [_thread_blocked, id=17572, stack(0x000000565e900000,0x000000565ea00000)]
  0x000001f779d814f0 JavaThread "Unconstrained build operations Thread 70" [_thread_blocked, id=2968, stack(0x000000565ea00000,0x000000565eb00000)]
  0x000001f779d84280 JavaThread "Unconstrained build operations Thread 71" [_thread_blocked, id=7896, stack(0x000000565eb00000,0x000000565ec00000)]
  0x000001f779d80fe0 JavaThread "Unconstrained build operations Thread 72" [_thread_blocked, id=10552, stack(0x000000565ec00000,0x000000565ed00000)]
  0x000001f7491ebad0 JavaThread "Unconstrained build operations Thread 73" [_thread_blocked, id=17976, stack(0x0000005657a00000,0x0000005657b00000)]
  0x000001f7491ebfe0 JavaThread "Unconstrained build operations Thread 74" [_thread_blocked, id=19844, stack(0x0000005657b00000,0x0000005657c00000)]
  0x000001f7491ecf10 JavaThread "Unconstrained build operations Thread 75" [_thread_blocked, id=19872, stack(0x000000565ed00000,0x000000565ee00000)]
  0x000001f7491ed420 JavaThread "Unconstrained build operations Thread 76" [_thread_blocked, id=23436, stack(0x000000565ee00000,0x000000565ef00000)]
  0x000001f7491ec4f0 JavaThread "Unconstrained build operations Thread 77" [_thread_blocked, id=14048, stack(0x000000565ef00000,0x000000565f000000)]
  0x000001f7491eca00 JavaThread "Unconstrained build operations Thread 78" [_thread_blocked, id=5876, stack(0x000000565f000000,0x000000565f100000)]
  0x000001f77c07a710 JavaThread "Unconstrained build operations Thread 79" [_thread_blocked, id=5056, stack(0x000000565f100000,0x000000565f200000)]
  0x000001f74303cc40 JavaThread "Unconstrained build operations Thread 80" [_thread_blocked, id=3848, stack(0x000000565f400000,0x000000565f500000)]
  0x000001f7421d5620 JavaThread "WorkerExecutor Queue" [_thread_blocked, id=14144, stack(0x000000565f300000,0x000000565f400000)]
  0x000001f77d605350 JavaThread "RMI Scheduler(0)" daemon [_thread_blocked, id=17016, stack(0x000000565f500000,0x000000565f600000)]
  0x000001f77df15d30 JavaThread "RMI RenewClean-[127.0.0.1:17722,org.jetbrains.kotlin.daemon.common.LoopbackNetworkInterface$ClientLoopbackSocketFactory@e0e40]" daemon [_thread_blocked, id=8976, stack(0x000000565f600000,0x000000565f700000)]
  0x000001f741d77ab0 JavaThread "RMI GC Daemon" daemon [_thread_blocked, id=13992, stack(0x000000565f700000,0x000000565f800000)]
  0x000001f741d77fc0 JavaThread "RMI TCP Accept-0" daemon [_thread_in_native, id=9264, stack(0x000000565f800000,0x000000565f900000)]
  0x000001f741d775a0 JavaThread "RMI Reaper" [_thread_blocked, id=22196, stack(0x000000565f900000,0x000000565fa00000)]
  0x000001f741d79910 JavaThread "RMI TCP Connection(idle)" daemon [_thread_blocked, id=19480, stack(0x000000565fb00000,0x000000565fc00000)]
=>0x000001f742e44510 JavaThread "C2 CompilerThread1" daemon [_thread_in_native, id=21608, stack(0x000000565f200000,0x000000565f300000)]
  0x000001f7424eeaf0 JavaThread "C2 CompilerThread2" daemon [_thread_in_native, id=21800, stack(0x000000565fa00000,0x000000565fb00000)]

Other Threads:
  0x000001f77429c6b0 VMThread "VM Thread" [stack: 0x0000005655f00000,0x0000005656000000] [id=17764]
  0x000001f774562e90 WatcherThread [stack: 0x0000005656b00000,0x0000005656c00000] [id=19096]
  0x000001f755dcd730 GCTaskThread "GC Thread#0" [stack: 0x0000005655a00000,0x0000005655b00000] [id=13348]
  0x000001f7791a21a0 GCTaskThread "GC Thread#1" [stack: 0x0000005656c00000,0x0000005656d00000] [id=244]
  0x000001f7791a2470 GCTaskThread "GC Thread#2" [stack: 0x0000005656d00000,0x0000005656e00000] [id=19292]
  0x000001f774a5be30 GCTaskThread "GC Thread#3" [stack: 0x0000005656e00000,0x0000005656f00000] [id=20048]
  0x000001f774a5c100 GCTaskThread "GC Thread#4" [stack: 0x0000005656f00000,0x0000005657000000] [id=11596]
  0x000001f774a5c3d0 GCTaskThread "GC Thread#5" [stack: 0x0000005657000000,0x0000005657100000] [id=19172]
  0x000001f7790eebd0 GCTaskThread "GC Thread#6" [stack: 0x0000005657100000,0x0000005657200000] [id=22648]
  0x000001f7790ef170 GCTaskThread "GC Thread#7" [stack: 0x0000005657200000,0x0000005657300000] [id=16184]
  0x000001f755ddf5b0 ConcurrentGCThread "G1 Main Marker" [stack: 0x0000005655b00000,0x0000005655c00000] [id=20564]
  0x000001f755de0680 ConcurrentGCThread "G1 Conc#0" [stack: 0x0000005655c00000,0x0000005655d00000] [id=7392]
  0x000001f7790ee090 ConcurrentGCThread "G1 Conc#1" [stack: 0x0000005658b00000,0x0000005658c00000] [id=14828]
  0x000001f755e2e220 ConcurrentGCThread "G1 Refine#0" [stack: 0x0000005655d00000,0x0000005655e00000] [id=16848]
  0x000001f77b8da270 ConcurrentGCThread "G1 Refine#1" [stack: 0x0000005659200000,0x0000005659300000] [id=14096]
  0x000001f77a9bff00 ConcurrentGCThread "G1 Refine#2" [stack: 0x0000005659300000,0x0000005659400000] [id=19372]
  0x000001f77a9bf000 ConcurrentGCThread "G1 Refine#3" [stack: 0x0000005659f00000,0x000000565a000000] [id=20552]
  0x000001f77a9bf600 ConcurrentGCThread "G1 Refine#4" [stack: 0x000000565a000000,0x000000565a100000] [id=13720]
  0x000001f7427da0d0 ConcurrentGCThread "G1 Refine#5" [stack: 0x000000565fc00000,0x000000565fd00000] [id=18608]
  0x000001f77a3642f0 ConcurrentGCThread "G1 Refine#6" [stack: 0x000000565fd00000,0x000000565fe00000] [id=17832]
  0x000001f755e2eb70 ConcurrentGCThread "G1 Service" [stack: 0x0000005655e00000,0x0000005655f00000] [id=20372]

Threads with active compile tasks:
C2 CompilerThread0  1594373 34527       4       org.jetbrains.org.objectweb.asm.ClassReader::readParameterAnnotations (106 bytes)
C2 CompilerThread1  1594373 34576       4       org.jetbrains.org.objectweb.asm.ClassReader::readMethod (1061 bytes)
C2 CompilerThread2  1594373 34548       4       org.jetbrains.kotlin.gradle.internal.kapt.incremental.ClassTypeExtractorVisitor::visitMethod (159 bytes)

VM state: not at safepoint (normal execution)

VM Mutex/Monitor currently owned by a thread: None

Heap address: 0x0000000080000000, size: 2048 MB, Compressed Oops mode: 32-bit

CDS archive(s) mapped at: [0x000001f700000000-0x000001f700bb0000-0x000001f700bb0000), size 12255232, SharedBaseAddress: 0x000001f700000000, ArchiveRelocationMode: 1.
Compressed class space mapped at: 0x000001f701000000-0x000001f741000000, reserved size: 1073741824
Narrow klass base: 0x000001f700000000, Narrow klass shift: 0, Narrow klass range: 0x100000000

GC Precious Log:
 CPUs: 8 total, 8 available
 Memory: 32649M
 Large Page Support: Disabled
 NUMA Support: Disabled
 Compressed Oops: Enabled (32-bit)
 Heap Region Size: 1M
 Heap Min Capacity: 8M
 Heap Initial Capacity: 512M
 Heap Max Capacity: 2G
 Pre-touch: Disabled
 Parallel Workers: 8
 Concurrent Workers: 2
 Concurrent Refinement Workers: 8
 Periodic GC: Disabled

Heap:
 garbage-first heap   total 670720K, used 575315K [0x0000000080000000, 0x0000000100000000)
  region size 1024K, 192 young (196608K), 9 survivors (9216K)
 Metaspace       used 144260K, committed 145472K, reserved 1179648K
  class space    used 18987K, committed 19584K, reserved 1048576K

Heap Regions: E=young(eden), S=young(survivor), O=old, HS=humongous(starts), HC=humongous(continues), CS=collection set, F=free, OA=open archive, CA=closed archive, TAMS=top-at-mark-start (previous, next)
|   0|0x0000000080000000, 0x0000000080100000, 0x0000000080100000|100%|HS|  |TAMS 0x0000000080100000, 0x0000000080000000| Complete 
|   1|0x0000000080100000, 0x0000000080200000, 0x0000000080200000|100%|HC|  |TAMS 0x0000000080200000, 0x0000000080100000| Complete 
|   2|0x0000000080200000, 0x0000000080300000, 0x0000000080300000|100%|HC|  |TAMS 0x0000000080300000, 0x0000000080200000| Complete 
|   3|0x0000000080300000, 0x0000000080400000, 0x0000000080400000|100%|HC|  |TAMS 0x0000000080400000, 0x0000000080300000| Complete 
|   4|0x0000000080400000, 0x0000000080500000, 0x0000000080500000|100%| O|  |TAMS 0x0000000080500000, 0x0000000080400000| Untracked 
|   5|0x0000000080500000, 0x0000000080600000, 0x0000000080600000|100%| O|  |TAMS 0x0000000080600000, 0x0000000080500000| Untracked 
|   6|0x0000000080600000, 0x0000000080700000, 0x0000000080700000|100%| O|  |TAMS 0x0000000080700000, 0x0000000080600000| Untracked 
|   7|0x0000000080700000, 0x0000000080800000, 0x0000000080800000|100%|HS|  |TAMS 0x0000000080800000, 0x0000000080700000| Complete 
|   8|0x0000000080800000, 0x0000000080900000, 0x0000000080900000|100%| O|  |TAMS 0x0000000080900000, 0x0000000080800000| Untracked 
|   9|0x0000000080900000, 0x0000000080a00000, 0x0000000080a00000|100%| O|  |TAMS 0x0000000080a00000, 0x0000000080900000| Untracked 
|  10|0x0000000080a00000, 0x0000000080b00000, 0x0000000080b00000|100%| O|  |TAMS 0x0000000080b00000, 0x0000000080a00000| Untracked 
|  11|0x0000000080b00000, 0x0000000080c00000, 0x0000000080c00000|100%| O|  |TAMS 0x0000000080c00000, 0x0000000080b00000| Untracked 
|  12|0x0000000080c00000, 0x0000000080d00000, 0x0000000080d00000|100%|HS|  |TAMS 0x0000000080d00000, 0x0000000080c00000| Complete 
|  13|0x0000000080d00000, 0x0000000080e00000, 0x0000000080e00000|100%|HC|  |TAMS 0x0000000080e00000, 0x0000000080d00000| Complete 
|  14|0x0000000080e00000, 0x0000000080f00000, 0x0000000080f00000|100%|HC|  |TAMS 0x0000000080f00000, 0x0000000080e00000| Complete 
|  15|0x0000000080f00000, 0x0000000081000000, 0x0000000081000000|100%|HC|  |TAMS 0x0000000081000000, 0x0000000080f00000| Complete 
|  16|0x0000000081000000, 0x0000000081100000, 0x0000000081100000|100%|HC|  |TAMS 0x0000000081100000, 0x0000000081000000| Complete 
|  17|0x0000000081100000, 0x0000000081200000, 0x0000000081200000|100%|HC|  |TAMS 0x0000000081200000, 0x0000000081100000| Complete 
|  18|0x0000000081200000, 0x0000000081300000, 0x0000000081300000|100%|HS|  |TAMS 0x0000000081300000, 0x0000000081200000| Complete 
|  19|0x0000000081300000, 0x0000000081400000, 0x0000000081400000|100%|HC|  |TAMS 0x0000000081400000, 0x0000000081300000| Complete 
|  20|0x0000000081400000, 0x0000000081500000, 0x0000000081500000|100%|HS|  |TAMS 0x0000000081500000, 0x0000000081400000| Complete 
|  21|0x0000000081500000, 0x0000000081600000, 0x0000000081600000|100%|HC|  |TAMS 0x0000000081600000, 0x0000000081500000| Complete 
|  22|0x0000000081600000, 0x0000000081700000, 0x0000000081700000|100%|HC|  |TAMS 0x0000000081700000, 0x0000000081600000| Complete 
|  23|0x0000000081700000, 0x0000000081800000, 0x0000000081800000|100%|HC|  |TAMS 0x0000000081800000, 0x0000000081700000| Complete 
|  24|0x0000000081800000, 0x0000000081900000, 0x0000000081900000|100%|HC|  |TAMS 0x0000000081900000, 0x0000000081800000| Complete 
|  25|0x0000000081900000, 0x0000000081a00000, 0x0000000081a00000|100%|HC|  |TAMS 0x0000000081a00000, 0x0000000081900000| Complete 
|  26|0x0000000081a00000, 0x0000000081b00000, 0x0000000081b00000|100%|HS|  |TAMS 0x0000000081b00000, 0x0000000081a00000| Complete 
|  27|0x0000000081b00000, 0x0000000081c00000, 0x0000000081c00000|100%|HC|  |TAMS 0x0000000081c00000, 0x0000000081b00000| Complete 
|  28|0x0000000081c00000, 0x0000000081d00000, 0x0000000081d00000|100%|HS|  |TAMS 0x0000000081d00000, 0x0000000081c00000| Complete 
|  29|0x0000000081d00000, 0x0000000081e00000, 0x0000000081e00000|100%| O|  |TAMS 0x0000000081e00000, 0x0000000081d00000| Untracked 
|  30|0x0000000081e00000, 0x0000000081f00000, 0x0000000081f00000|100%| O|  |TAMS 0x0000000081f00000, 0x0000000081e00000| Untracked 
|  31|0x0000000081f00000, 0x0000000082000000, 0x0000000082000000|100%| O|  |TAMS 0x0000000082000000, 0x0000000081f00000| Untracked 
|  32|0x0000000082000000, 0x0000000082100000, 0x0000000082100000|100%| O|  |TAMS 0x0000000082100000, 0x0000000082000000| Untracked 
|  33|0x0000000082100000, 0x0000000082200000, 0x0000000082200000|100%| O|  |TAMS 0x0000000082200000, 0x0000000082100000| Untracked 
|  34|0x0000000082200000, 0x0000000082300000, 0x0000000082300000|100%| O|  |TAMS 0x0000000082300000, 0x0000000082200000| Untracked 
|  35|0x0000000082300000, 0x0000000082400000, 0x0000000082400000|100%| O|  |TAMS 0x0000000082400000, 0x0000000082300000| Untracked 
|  36|0x0000000082400000, 0x0000000082500000, 0x0000000082500000|100%| O|  |TAMS 0x0000000082500000, 0x0000000082400000| Untracked 
|  37|0x0000000082500000, 0x0000000082600000, 0x0000000082600000|100%| O|  |TAMS 0x0000000082600000, 0x0000000082500000| Untracked 
|  38|0x0000000082600000, 0x0000000082700000, 0x0000000082700000|100%| O|  |TAMS 0x0000000082700000, 0x0000000082600000| Untracked 
|  39|0x0000000082700000, 0x0000000082800000, 0x0000000082800000|100%| O|  |TAMS 0x0000000082800000, 0x0000000082700000| Untracked 
|  40|0x0000000082800000, 0x0000000082900000, 0x0000000082900000|100%| O|  |TAMS 0x0000000082900000, 0x0000000082800000| Untracked 
|  41|0x0000000082900000, 0x0000000082a00000, 0x0000000082a00000|100%| O|  |TAMS 0x0000000082a00000, 0x0000000082900000| Untracked 
|  42|0x0000000082a00000, 0x0000000082b00000, 0x0000000082b00000|100%| O|  |TAMS 0x0000000082b00000, 0x0000000082a00000| Untracked 
|  43|0x0000000082b00000, 0x0000000082c00000, 0x0000000082c00000|100%| O|  |TAMS 0x0000000082c00000, 0x0000000082b00000| Untracked 
|  44|0x0000000082c00000, 0x0000000082d00000, 0x0000000082d00000|100%| O|  |TAMS 0x0000000082d00000, 0x0000000082c00000| Untracked 
|  45|0x0000000082d00000, 0x0000000082e00000, 0x0000000082e00000|100%| O|  |TAMS 0x0000000082e00000, 0x0000000082d00000| Untracked 
|  46|0x0000000082e00000, 0x0000000082f00000, 0x0000000082f00000|100%| O|  |TAMS 0x0000000082f00000, 0x0000000082e00000| Untracked 
|  47|0x0000000082f00000, 0x0000000083000000, 0x0000000083000000|100%| O|  |TAMS 0x0000000083000000, 0x0000000082f00000| Untracked 
|  48|0x0000000083000000, 0x0000000083100000, 0x0000000083100000|100%| O|  |TAMS 0x0000000083100000, 0x0000000083000000| Untracked 
|  49|0x0000000083100000, 0x0000000083200000, 0x0000000083200000|100%| O|  |TAMS 0x0000000083200000, 0x0000000083100000| Untracked 
|  50|0x0000000083200000, 0x0000000083300000, 0x0000000083300000|100%| O|  |TAMS 0x0000000083300000, 0x0000000083200000| Untracked 
|  51|0x0000000083300000, 0x0000000083400000, 0x0000000083400000|100%| O|  |TAMS 0x0000000083400000, 0x0000000083300000| Untracked 
|  52|0x0000000083400000, 0x0000000083500000, 0x0000000083500000|100%| O|  |TAMS 0x0000000083500000, 0x0000000083400000| Untracked 
|  53|0x0000000083500000, 0x0000000083600000, 0x0000000083600000|100%| O|  |TAMS 0x0000000083600000, 0x0000000083500000| Untracked 
|  54|0x0000000083600000, 0x0000000083700000, 0x0000000083700000|100%| O|  |TAMS 0x0000000083700000, 0x0000000083600000| Untracked 
|  55|0x0000000083700000, 0x0000000083800000, 0x0000000083800000|100%| O|  |TAMS 0x0000000083800000, 0x0000000083700000| Untracked 
|  56|0x0000000083800000, 0x0000000083900000, 0x0000000083900000|100%|HS|  |TAMS 0x0000000083900000, 0x0000000083800000| Complete 
|  57|0x0000000083900000, 0x0000000083a00000, 0x0000000083a00000|100%|HS|  |TAMS 0x0000000083a00000, 0x0000000083900000| Complete 
|  58|0x0000000083a00000, 0x0000000083b00000, 0x0000000083b00000|100%| O|  |TAMS 0x0000000083b00000, 0x0000000083a00000| Untracked 
|  59|0x0000000083b00000, 0x0000000083c00000, 0x0000000083c00000|100%| O|  |TAMS 0x0000000083c00000, 0x0000000083b00000| Untracked 
|  60|0x0000000083c00000, 0x0000000083d00000, 0x0000000083d00000|100%| O|  |TAMS 0x0000000083d00000, 0x0000000083c00000| Untracked 
|  61|0x0000000083d00000, 0x0000000083e00000, 0x0000000083e00000|100%| O|  |TAMS 0x0000000083e00000, 0x0000000083d00000| Untracked 
|  62|0x0000000083e00000, 0x0000000083f00000, 0x0000000083f00000|100%| O|  |TAMS 0x0000000083f00000, 0x0000000083e00000| Untracked 
|  63|0x0000000083f00000, 0x0000000084000000, 0x0000000084000000|100%| O|  |TAMS 0x0000000084000000, 0x0000000083f00000| Untracked 
|  64|0x0000000084000000, 0x0000000084100000, 0x0000000084100000|100%| O|  |TAMS 0x0000000084100000, 0x0000000084000000| Untracked 
|  65|0x0000000084100000, 0x0000000084200000, 0x0000000084200000|100%| O|  |TAMS 0x0000000084200000, 0x0000000084100000| Untracked 
|  66|0x0000000084200000, 0x0000000084300000, 0x0000000084300000|100%| O|  |TAMS 0x0000000084300000, 0x0000000084200000| Untracked 
|  67|0x0000000084300000, 0x0000000084400000, 0x0000000084400000|100%| O|  |TAMS 0x0000000084400000, 0x0000000084300000| Untracked 
|  68|0x0000000084400000, 0x0000000084500000, 0x0000000084500000|100%| O|  |TAMS 0x0000000084500000, 0x0000000084400000| Untracked 
|  69|0x0000000084500000, 0x0000000084600000, 0x0000000084600000|100%|HS|  |TAMS 0x0000000084600000, 0x0000000084500000| Complete 
|  70|0x0000000084600000, 0x0000000084700000, 0x0000000084700000|100%| O|  |TAMS 0x0000000084700000, 0x0000000084600000| Untracked 
|  71|0x0000000084700000, 0x0000000084800000, 0x0000000084800000|100%| O|  |TAMS 0x0000000084700000, 0x0000000084700000| Untracked 
|  72|0x0000000084800000, 0x0000000084900000, 0x0000000084900000|100%| O|  |TAMS 0x0000000084800000, 0x0000000084800000| Untracked 
|  73|0x0000000084900000, 0x0000000084a00000, 0x0000000084a00000|100%|HS|  |TAMS 0x0000000084a00000, 0x0000000084900000| Complete 
|  74|0x0000000084a00000, 0x0000000084b00000, 0x0000000084b00000|100%|HC|  |TAMS 0x0000000084b00000, 0x0000000084a00000| Complete 
|  75|0x0000000084b00000, 0x0000000084c00000, 0x0000000084c00000|100%| O|  |TAMS 0x0000000084c00000, 0x0000000084b00000| Untracked 
|  76|0x0000000084c00000, 0x0000000084d00000, 0x0000000084d00000|100%| O|  |TAMS 0x0000000084c00000, 0x0000000084c00000| Untracked 
|  77|0x0000000084d00000, 0x0000000084e00000, 0x0000000084e00000|100%| O|  |TAMS 0x0000000084e00000, 0x0000000084d00000| Untracked 
|  78|0x0000000084e00000, 0x0000000084f00000, 0x0000000084f00000|100%| O|  |TAMS 0x0000000084f00000, 0x0000000084e00000| Untracked 
|  79|0x0000000084f00000, 0x0000000085000000, 0x0000000085000000|100%| O|  |TAMS 0x0000000085000000, 0x0000000084f00000| Untracked 
|  80|0x0000000085000000, 0x0000000085100000, 0x0000000085100000|100%| O|  |TAMS 0x0000000085100000, 0x0000000085000000| Untracked 
|  81|0x0000000085100000, 0x0000000085200000, 0x0000000085200000|100%|HS|  |TAMS 0x0000000085200000, 0x0000000085100000| Complete 
|  82|0x0000000085200000, 0x0000000085300000, 0x0000000085300000|100%|HC|  |TAMS 0x0000000085300000, 0x0000000085200000| Complete 
|  83|0x0000000085300000, 0x0000000085400000, 0x0000000085400000|100%|HC|  |TAMS 0x0000000085400000, 0x0000000085300000| Complete 
|  84|0x0000000085400000, 0x0000000085500000, 0x0000000085500000|100%|HC|  |TAMS 0x0000000085500000, 0x0000000085400000| Complete 
|  85|0x0000000085500000, 0x0000000085600000, 0x0000000085600000|100%| O|  |TAMS 0x0000000085600000, 0x0000000085500000| Untracked 
|  86|0x0000000085600000, 0x0000000085700000, 0x0000000085700000|100%|HS|  |TAMS 0x0000000085700000, 0x0000000085600000| Complete 
|  87|0x0000000085700000, 0x0000000085800000, 0x0000000085800000|100%|HC|  |TAMS 0x0000000085800000, 0x0000000085700000| Complete 
|  88|0x0000000085800000, 0x0000000085900000, 0x0000000085900000|100%|HS|  |TAMS 0x0000000085900000, 0x0000000085800000| Complete 
|  89|0x0000000085900000, 0x0000000085a00000, 0x0000000085a00000|100%| O|  |TAMS 0x0000000085900000, 0x0000000085900000| Untracked 
|  90|0x0000000085a00000, 0x0000000085b00000, 0x0000000085b00000|100%| O|  |TAMS 0x0000000085b00000, 0x0000000085a00000| Untracked 
|  91|0x0000000085b00000, 0x0000000085c00000, 0x0000000085c00000|100%| O|  |TAMS 0x0000000085c00000, 0x0000000085b00000| Untracked 
|  92|0x0000000085c00000, 0x0000000085d00000, 0x0000000085d00000|100%| O|  |TAMS 0x0000000085d00000, 0x0000000085c00000| Untracked 
|  93|0x0000000085d00000, 0x0000000085e00000, 0x0000000085e00000|100%|HS|  |TAMS 0x0000000085e00000, 0x0000000085d00000| Complete 
|  94|0x0000000085e00000, 0x0000000085f00000, 0x0000000085f00000|100%|HC|  |TAMS 0x0000000085f00000, 0x0000000085e00000| Complete 
|  95|0x0000000085f00000, 0x0000000086000000, 0x0000000086000000|100%|HC|  |TAMS 0x0000000086000000, 0x0000000085f00000| Complete 
|  96|0x0000000086000000, 0x0000000086100000, 0x0000000086100000|100%|HC|  |TAMS 0x0000000086100000, 0x0000000086000000| Complete 
|  97|0x0000000086100000, 0x0000000086200000, 0x0000000086200000|100%| O|  |TAMS 0x0000000086200000, 0x0000000086100000| Untracked 
|  98|0x0000000086200000, 0x0000000086300000, 0x0000000086300000|100%| O|  |TAMS 0x0000000086300000, 0x0000000086200000| Untracked 
|  99|0x0000000086300000, 0x0000000086400000, 0x0000000086400000|100%| O|  |TAMS 0x0000000086400000, 0x0000000086300000| Untracked 
| 100|0x0000000086400000, 0x0000000086500000, 0x0000000086500000|100%| O|  |TAMS 0x0000000086500000, 0x0000000086400000| Untracked 
| 101|0x0000000086500000, 0x0000000086600000, 0x0000000086600000|100%| O|  |TAMS 0x0000000086600000, 0x0000000086500000| Untracked 
| 102|0x0000000086600000, 0x0000000086700000, 0x0000000086700000|100%| O|  |TAMS 0x0000000086700000, 0x0000000086600000| Untracked 
| 103|0x0000000086700000, 0x0000000086800000, 0x0000000086800000|100%| O|  |TAMS 0x0000000086800000, 0x0000000086700000| Untracked 
| 104|0x0000000086800000, 0x0000000086900000, 0x0000000086900000|100%| O|  |TAMS 0x0000000086900000, 0x0000000086800000| Untracked 
| 105|0x0000000086900000, 0x0000000086a00000, 0x0000000086a00000|100%| O|  |TAMS 0x0000000086a00000, 0x0000000086900000| Untracked 
| 106|0x0000000086a00000, 0x0000000086b00000, 0x0000000086b00000|100%| O|  |TAMS 0x0000000086b00000, 0x0000000086a00000| Untracked 
| 107|0x0000000086b00000, 0x0000000086c00000, 0x0000000086c00000|100%| O|  |TAMS 0x0000000086c00000, 0x0000000086b00000| Untracked 
| 108|0x0000000086c00000, 0x0000000086d00000, 0x0000000086d00000|100%| O|  |TAMS 0x0000000086d00000, 0x0000000086c00000| Untracked 
| 109|0x0000000086d00000, 0x0000000086e00000, 0x0000000086e00000|100%| O|  |TAMS 0x0000000086e00000, 0x0000000086d00000| Untracked 
| 110|0x0000000086e00000, 0x0000000086f00000, 0x0000000086f00000|100%| O|  |TAMS 0x0000000086f00000, 0x0000000086e00000| Untracked 
| 111|0x0000000086f00000, 0x0000000087000000, 0x0000000087000000|100%| O|  |TAMS 0x0000000087000000, 0x0000000086f00000| Untracked 
| 112|0x0000000087000000, 0x0000000087100000, 0x0000000087100000|100%| O|  |TAMS 0x0000000087000000, 0x0000000087000000| Untracked 
| 113|0x0000000087100000, 0x0000000087200000, 0x0000000087200000|100%| O|  |TAMS 0x0000000087200000, 0x0000000087100000| Untracked 
| 114|0x0000000087200000, 0x0000000087300000, 0x0000000087300000|100%| O|  |TAMS 0x0000000087300000, 0x0000000087200000| Untracked 
| 115|0x0000000087300000, 0x0000000087400000, 0x0000000087400000|100%|HS|  |TAMS 0x0000000087400000, 0x0000000087300000| Complete 
| 116|0x0000000087400000, 0x0000000087500000, 0x0000000087500000|100%|HC|  |TAMS 0x0000000087500000, 0x0000000087400000| Complete 
| 117|0x0000000087500000, 0x0000000087600000, 0x0000000087600000|100%| O|  |TAMS 0x0000000087600000, 0x0000000087500000| Untracked 
| 118|0x0000000087600000, 0x0000000087700000, 0x0000000087700000|100%| O|  |TAMS 0x0000000087700000, 0x0000000087600000| Untracked 
| 119|0x0000000087700000, 0x0000000087800000, 0x0000000087800000|100%| O|  |TAMS 0x0000000087800000, 0x0000000087700000| Untracked 
| 120|0x0000000087800000, 0x0000000087900000, 0x0000000087900000|100%| O|  |TAMS 0x0000000087900000, 0x0000000087800000| Untracked 
| 121|0x0000000087900000, 0x0000000087a00000, 0x0000000087a00000|100%| O|  |TAMS 0x0000000087a00000, 0x0000000087900000| Untracked 
| 122|0x0000000087a00000, 0x0000000087b00000, 0x0000000087b00000|100%| O|  |TAMS 0x0000000087b00000, 0x0000000087a00000| Untracked 
| 123|0x0000000087b00000, 0x0000000087c00000, 0x0000000087c00000|100%| O|  |TAMS 0x0000000087c00000, 0x0000000087b00000| Untracked 
| 124|0x0000000087c00000, 0x0000000087d00000, 0x0000000087d00000|100%| O|  |TAMS 0x0000000087d00000, 0x0000000087c00000| Untracked 
| 125|0x0000000087d00000, 0x0000000087e00000, 0x0000000087e00000|100%| O|  |TAMS 0x0000000087e00000, 0x0000000087d00000| Untracked 
| 126|0x0000000087e00000, 0x0000000087f00000, 0x0000000087f00000|100%| O|  |TAMS 0x0000000087f00000, 0x0000000087e00000| Untracked 
| 127|0x0000000087f00000, 0x0000000088000000, 0x0000000088000000|100%| O|  |TAMS 0x0000000088000000, 0x0000000087f00000| Untracked 
| 128|0x0000000088000000, 0x0000000088100000, 0x0000000088100000|100%| O|  |TAMS 0x0000000088100000, 0x0000000088000000| Untracked 
| 129|0x0000000088100000, 0x0000000088200000, 0x0000000088200000|100%| O|  |TAMS 0x0000000088200000, 0x0000000088100000| Untracked 
| 130|0x0000000088200000, 0x0000000088300000, 0x0000000088300000|100%| O|  |TAMS 0x0000000088300000, 0x0000000088200000| Untracked 
| 131|0x0000000088300000, 0x0000000088400000, 0x0000000088400000|100%| O|  |TAMS 0x0000000088400000, 0x0000000088300000| Untracked 
| 132|0x0000000088400000, 0x0000000088500000, 0x0000000088500000|100%| O|  |TAMS 0x0000000088400000, 0x0000000088400000| Untracked 
| 133|0x0000000088500000, 0x0000000088600000, 0x0000000088600000|100%| O|  |TAMS 0x0000000088500000, 0x0000000088500000| Untracked 
| 134|0x0000000088600000, 0x0000000088700000, 0x0000000088700000|100%| O|  |TAMS 0x0000000088600000, 0x0000000088600000| Untracked 
| 135|0x0000000088700000, 0x0000000088800000, 0x0000000088800000|100%| O|  |TAMS 0x0000000088800000, 0x0000000088700000| Untracked 
| 136|0x0000000088800000, 0x0000000088900000, 0x0000000088900000|100%| O|  |TAMS 0x0000000088900000, 0x0000000088800000| Untracked 
| 137|0x0000000088900000, 0x0000000088a00000, 0x0000000088a00000|100%| O|  |TAMS 0x0000000088a00000, 0x0000000088900000| Untracked 
| 138|0x0000000088a00000, 0x0000000088b00000, 0x0000000088b00000|100%| O|  |TAMS 0x0000000088b00000, 0x0000000088a00000| Untracked 
| 139|0x0000000088b00000, 0x0000000088c00000, 0x0000000088c00000|100%| O|  |TAMS 0x0000000088c00000, 0x0000000088b00000| Untracked 
| 140|0x0000000088c00000, 0x0000000088d00000, 0x0000000088d00000|100%| O|  |TAMS 0x0000000088d00000, 0x0000000088c00000| Untracked 
| 141|0x0000000088d00000, 0x0000000088e00000, 0x0000000088e00000|100%| O|  |TAMS 0x0000000088e00000, 0x0000000088d00000| Untracked 
| 142|0x0000000088e00000, 0x0000000088f00000, 0x0000000088f00000|100%| O|  |TAMS 0x0000000088f00000, 0x0000000088e00000| Untracked 
| 143|0x0000000088f00000, 0x0000000089000000, 0x0000000089000000|100%| O|  |TAMS 0x0000000089000000, 0x0000000088f00000| Untracked 
| 144|0x0000000089000000, 0x0000000089100000, 0x0000000089100000|100%| O|  |TAMS 0x0000000089100000, 0x0000000089000000| Untracked 
| 145|0x0000000089100000, 0x0000000089200000, 0x0000000089200000|100%| O|  |TAMS 0x0000000089100000, 0x0000000089100000| Untracked 
| 146|0x0000000089200000, 0x0000000089300000, 0x0000000089300000|100%| O|  |TAMS 0x0000000089200000, 0x0000000089200000| Untracked 
| 147|0x0000000089300000, 0x0000000089400000, 0x0000000089400000|100%| O|  |TAMS 0x0000000089300000, 0x0000000089300000| Untracked 
| 148|0x0000000089400000, 0x0000000089500000, 0x0000000089500000|100%| O|  |TAMS 0x0000000089500000, 0x0000000089400000| Untracked 
| 149|0x0000000089500000, 0x0000000089600000, 0x0000000089600000|100%| O|  |TAMS 0x0000000089600000, 0x0000000089500000| Untracked 
| 150|0x0000000089600000, 0x0000000089700000, 0x0000000089700000|100%| O|  |TAMS 0x0000000089700000, 0x0000000089600000| Untracked 
| 151|0x0000000089700000, 0x0000000089800000, 0x0000000089800000|100%| O|  |TAMS 0x0000000089700000, 0x0000000089700000| Untracked 
| 152|0x0000000089800000, 0x0000000089900000, 0x0000000089900000|100%| O|  |TAMS 0x0000000089900000, 0x0000000089800000| Untracked 
| 153|0x0000000089900000, 0x0000000089a00000, 0x0000000089a00000|100%| O|  |TAMS 0x0000000089a00000, 0x0000000089900000| Untracked 
| 154|0x0000000089a00000, 0x0000000089b00000, 0x0000000089b00000|100%| O|  |TAMS 0x0000000089b00000, 0x0000000089a00000| Untracked 
| 155|0x0000000089b00000, 0x0000000089c00000, 0x0000000089c00000|100%| O|  |TAMS 0x0000000089c00000, 0x0000000089b00000| Untracked 
| 156|0x0000000089c00000, 0x0000000089d00000, 0x0000000089d00000|100%| O|  |TAMS 0x0000000089d00000, 0x0000000089c00000| Untracked 
| 157|0x0000000089d00000, 0x0000000089e00000, 0x0000000089e00000|100%| O|  |TAMS 0x0000000089e00000, 0x0000000089d00000| Untracked 
| 158|0x0000000089e00000, 0x0000000089f00000, 0x0000000089f00000|100%| O|  |TAMS 0x0000000089f00000, 0x0000000089e00000| Untracked 
| 159|0x0000000089f00000, 0x000000008a000000, 0x000000008a000000|100%| O|  |TAMS 0x000000008a000000, 0x0000000089f00000| Untracked 
| 160|0x000000008a000000, 0x000000008a100000, 0x000000008a100000|100%| O|  |TAMS 0x000000008a100000, 0x000000008a000000| Untracked 
| 161|0x000000008a100000, 0x000000008a200000, 0x000000008a200000|100%| O|  |TAMS 0x000000008a200000, 0x000000008a100000| Untracked 
| 162|0x000000008a200000, 0x000000008a300000, 0x000000008a300000|100%| O|  |TAMS 0x000000008a300000, 0x000000008a200000| Untracked 
| 163|0x000000008a300000, 0x000000008a400000, 0x000000008a400000|100%| O|  |TAMS 0x000000008a400000, 0x000000008a300000| Untracked 
| 164|0x000000008a400000, 0x000000008a500000, 0x000000008a500000|100%| O|  |TAMS 0x000000008a500000, 0x000000008a400000| Untracked 
| 165|0x000000008a500000, 0x000000008a600000, 0x000000008a600000|100%| O|  |TAMS 0x000000008a600000, 0x000000008a500000| Untracked 
| 166|0x000000008a600000, 0x000000008a700000, 0x000000008a700000|100%| O|  |TAMS 0x000000008a700000, 0x000000008a600000| Untracked 
| 167|0x000000008a700000, 0x000000008a800000, 0x000000008a800000|100%| O|  |TAMS 0x000000008a800000, 0x000000008a700000| Untracked 
| 168|0x000000008a800000, 0x000000008a900000, 0x000000008a900000|100%| O|  |TAMS 0x000000008a900000, 0x000000008a800000| Untracked 
| 169|0x000000008a900000, 0x000000008aa00000, 0x000000008aa00000|100%| O|  |TAMS 0x000000008aa00000, 0x000000008a900000| Untracked 
| 170|0x000000008aa00000, 0x000000008ab00000, 0x000000008ab00000|100%| O|  |TAMS 0x000000008ab00000, 0x000000008aa00000| Untracked 
| 171|0x000000008ab00000, 0x000000008ac00000, 0x000000008ac00000|100%| O|  |TAMS 0x000000008ac00000, 0x000000008ab00000| Untracked 
| 172|0x000000008ac00000, 0x000000008ad00000, 0x000000008ad00000|100%| O|  |TAMS 0x000000008ad00000, 0x000000008ac00000| Untracked 
| 173|0x000000008ad00000, 0x000000008ae00000, 0x000000008ae00000|100%| O|  |TAMS 0x000000008ae00000, 0x000000008ad00000| Untracked 
| 174|0x000000008ae00000, 0x000000008af00000, 0x000000008af00000|100%| O|  |TAMS 0x000000008af00000, 0x000000008ae00000| Untracked 
| 175|0x000000008af00000, 0x000000008b000000, 0x000000008b000000|100%| O|  |TAMS 0x000000008b000000, 0x000000008af00000| Untracked 
| 176|0x000000008b000000, 0x000000008b100000, 0x000000008b100000|100%| O|  |TAMS 0x000000008b100000, 0x000000008b000000| Untracked 
| 177|0x000000008b100000, 0x000000008b200000, 0x000000008b200000|100%| O|  |TAMS 0x000000008b200000, 0x000000008b100000| Untracked 
| 178|0x000000008b200000, 0x000000008b300000, 0x000000008b300000|100%| O|  |TAMS 0x000000008b300000, 0x000000008b200000| Untracked 
| 179|0x000000008b300000, 0x000000008b400000, 0x000000008b400000|100%| O|  |TAMS 0x000000008b400000, 0x000000008b300000| Untracked 
| 180|0x000000008b400000, 0x000000008b500000, 0x000000008b500000|100%| O|  |TAMS 0x000000008b500000, 0x000000008b400000| Untracked 
| 181|0x000000008b500000, 0x000000008b600000, 0x000000008b600000|100%| O|  |TAMS 0x000000008b600000, 0x000000008b500000| Untracked 
| 182|0x000000008b600000, 0x000000008b700000, 0x000000008b700000|100%| O|  |TAMS 0x000000008b700000, 0x000000008b600000| Untracked 
| 183|0x000000008b700000, 0x000000008b800000, 0x000000008b800000|100%| O|  |TAMS 0x000000008b800000, 0x000000008b700000| Untracked 
| 184|0x000000008b800000, 0x000000008b900000, 0x000000008b900000|100%| O|  |TAMS 0x000000008b900000, 0x000000008b800000| Untracked 
| 185|0x000000008b900000, 0x000000008ba00000, 0x000000008ba00000|100%| O|  |TAMS 0x000000008ba00000, 0x000000008b900000| Untracked 
| 186|0x000000008ba00000, 0x000000008bb00000, 0x000000008bb00000|100%| O|  |TAMS 0x000000008bb00000, 0x000000008ba00000| Untracked 
| 187|0x000000008bb00000, 0x000000008bc00000, 0x000000008bc00000|100%| O|  |TAMS 0x000000008bc00000, 0x000000008bb00000| Untracked 
| 188|0x000000008bc00000, 0x000000008bd00000, 0x000000008bd00000|100%| O|  |TAMS 0x000000008bd00000, 0x000000008bc00000| Untracked 
| 189|0x000000008bd00000, 0x000000008be00000, 0x000000008be00000|100%| O|  |TAMS 0x000000008be00000, 0x000000008bd00000| Untracked 
| 190|0x000000008be00000, 0x000000008bf00000, 0x000000008bf00000|100%| O|  |TAMS 0x000000008bf00000, 0x000000008be00000| Untracked 
| 191|0x000000008bf00000, 0x000000008bfffff8, 0x000000008c000000| 99%| O|  |TAMS 0x000000008bf00000, 0x000000008bf00000| Untracked 
| 192|0x000000008c000000, 0x000000008c100000, 0x000000008c100000|100%| O|  |TAMS 0x000000008c000000, 0x000000008c000000| Untracked 
| 193|0x000000008c100000, 0x000000008c200000, 0x000000008c200000|100%| O|  |TAMS 0x000000008c100000, 0x000000008c100000| Untracked 
| 194|0x000000008c200000, 0x000000008c300000, 0x000000008c300000|100%| O|  |TAMS 0x000000008c200000, 0x000000008c200000| Untracked 
| 195|0x000000008c300000, 0x000000008c400000, 0x000000008c400000|100%| O|  |TAMS 0x000000008c300000, 0x000000008c300000| Untracked 
| 196|0x000000008c400000, 0x000000008c500000, 0x000000008c500000|100%| O|  |TAMS 0x000000008c400000, 0x000000008c400000| Untracked 
| 197|0x000000008c500000, 0x000000008c600000, 0x000000008c600000|100%| O|  |TAMS 0x000000008c500000, 0x000000008c500000| Untracked 
| 198|0x000000008c600000, 0x000000008c700000, 0x000000008c700000|100%| O|  |TAMS 0x000000008c600000, 0x000000008c600000| Untracked 
| 199|0x000000008c700000, 0x000000008c800000, 0x000000008c800000|100%| O|  |TAMS 0x000000008c700000, 0x000000008c700000| Untracked 
| 200|0x000000008c800000, 0x000000008c900000, 0x000000008c900000|100%| O|  |TAMS 0x000000008c800000, 0x000000008c800000| Untracked 
| 201|0x000000008c900000, 0x000000008ca00000, 0x000000008ca00000|100%| O|  |TAMS 0x000000008c900000, 0x000000008c900000| Untracked 
| 202|0x000000008ca00000, 0x000000008cb00000, 0x000000008cb00000|100%| O|  |TAMS 0x000000008ca00000, 0x000000008ca00000| Untracked 
| 203|0x000000008cb00000, 0x000000008cc00000, 0x000000008cc00000|100%| O|  |TAMS 0x000000008cb00000, 0x000000008cb00000| Untracked 
| 204|0x000000008cc00000, 0x000000008cd00000, 0x000000008cd00000|100%| O|  |TAMS 0x000000008cd00000, 0x000000008cc00000| Untracked 
| 205|0x000000008cd00000, 0x000000008ce00000, 0x000000008ce00000|100%| O|  |TAMS 0x000000008cd00000, 0x000000008cd00000| Untracked 
| 206|0x000000008ce00000, 0x000000008cf00000, 0x000000008cf00000|100%| O|  |TAMS 0x000000008ce00000, 0x000000008ce00000| Untracked 
| 207|0x000000008cf00000, 0x000000008d000000, 0x000000008d000000|100%| O|  |TAMS 0x000000008cf00000, 0x000000008cf00000| Untracked 
| 208|0x000000008d000000, 0x000000008d100000, 0x000000008d100000|100%| O|  |TAMS 0x000000008d100000, 0x000000008d000000| Untracked 
| 209|0x000000008d100000, 0x000000008d200000, 0x000000008d200000|100%| O|  |TAMS 0x000000008d100000, 0x000000008d100000| Untracked 
| 210|0x000000008d200000, 0x000000008d300000, 0x000000008d300000|100%| O|  |TAMS 0x000000008d200000, 0x000000008d200000| Untracked 
| 211|0x000000008d300000, 0x000000008d400000, 0x000000008d400000|100%| O|  |TAMS 0x000000008d300000, 0x000000008d300000| Untracked 
| 212|0x000000008d400000, 0x000000008d500000, 0x000000008d500000|100%| O|  |TAMS 0x000000008d500000, 0x000000008d400000| Untracked 
| 213|0x000000008d500000, 0x000000008d600000, 0x000000008d600000|100%| O|  |TAMS 0x000000008d500000, 0x000000008d500000| Untracked 
| 214|0x000000008d600000, 0x000000008d700000, 0x000000008d700000|100%| O|  |TAMS 0x000000008d600000, 0x000000008d600000| Untracked 
| 215|0x000000008d700000, 0x000000008d800000, 0x000000008d800000|100%| O|  |TAMS 0x000000008d700000, 0x000000008d700000| Untracked 
| 216|0x000000008d800000, 0x000000008d900000, 0x000000008d900000|100%| O|  |TAMS 0x000000008d800000, 0x000000008d800000| Untracked 
| 217|0x000000008d900000, 0x000000008da00000, 0x000000008da00000|100%| O|  |TAMS 0x000000008d900000, 0x000000008d900000| Untracked 
| 218|0x000000008da00000, 0x000000008db00000, 0x000000008db00000|100%| O|  |TAMS 0x000000008da00000, 0x000000008da00000| Untracked 
| 219|0x000000008db00000, 0x000000008dc00000, 0x000000008dc00000|100%| O|  |TAMS 0x000000008db00000, 0x000000008db00000| Untracked 
| 220|0x000000008dc00000, 0x000000008dd00000, 0x000000008dd00000|100%| O|  |TAMS 0x000000008dc00000, 0x000000008dc00000| Untracked 
| 221|0x000000008dd00000, 0x000000008de00000, 0x000000008de00000|100%| O|  |TAMS 0x000000008dd00000, 0x000000008dd00000| Untracked 
| 222|0x000000008de00000, 0x000000008df00000, 0x000000008df00000|100%| O|  |TAMS 0x000000008de00000, 0x000000008de00000| Untracked 
| 223|0x000000008df00000, 0x000000008e000000, 0x000000008e000000|100%| O|  |TAMS 0x000000008df00000, 0x000000008df00000| Untracked 
| 224|0x000000008e000000, 0x000000008e100000, 0x000000008e100000|100%| O|  |TAMS 0x000000008e000000, 0x000000008e000000| Untracked 
| 225|0x000000008e100000, 0x000000008e200000, 0x000000008e200000|100%| O|  |TAMS 0x000000008e100000, 0x000000008e100000| Untracked 
| 226|0x000000008e200000, 0x000000008e300000, 0x000000008e300000|100%| O|  |TAMS 0x000000008e200000, 0x000000008e200000| Untracked 
| 227|0x000000008e300000, 0x000000008e400000, 0x000000008e400000|100%| O|  |TAMS 0x000000008e300000, 0x000000008e300000| Untracked 
| 228|0x000000008e400000, 0x000000008e500000, 0x000000008e500000|100%| O|  |TAMS 0x000000008e400000, 0x000000008e400000| Untracked 
| 229|0x000000008e500000, 0x000000008e600000, 0x000000008e600000|100%| O|  |TAMS 0x000000008e500000, 0x000000008e500000| Untracked 
| 230|0x000000008e600000, 0x000000008e700000, 0x000000008e700000|100%| O|  |TAMS 0x000000008e600000, 0x000000008e600000| Untracked 
| 231|0x000000008e700000, 0x000000008e800000, 0x000000008e800000|100%| O|  |TAMS 0x000000008e700000, 0x000000008e700000| Untracked 
| 232|0x000000008e800000, 0x000000008e900000, 0x000000008e900000|100%| O|  |TAMS 0x000000008e800000, 0x000000008e800000| Untracked 
| 233|0x000000008e900000, 0x000000008ea00000, 0x000000008ea00000|100%| O|  |TAMS 0x000000008e900000, 0x000000008e900000| Untracked 
| 234|0x000000008ea00000, 0x000000008eb00000, 0x000000008eb00000|100%| O|  |TAMS 0x000000008ea00000, 0x000000008ea00000| Untracked 
| 235|0x000000008eb00000, 0x000000008ec00000, 0x000000008ec00000|100%| O|  |TAMS 0x000000008eb00000, 0x000000008eb00000| Untracked 
| 236|0x000000008ec00000, 0x000000008ed00000, 0x000000008ed00000|100%| O|  |TAMS 0x000000008ec00000, 0x000000008ec00000| Untracked 
| 237|0x000000008ed00000, 0x000000008ee00000, 0x000000008ee00000|100%| O|  |TAMS 0x000000008ed00000, 0x000000008ed00000| Untracked 
| 238|0x000000008ee00000, 0x000000008ef00000, 0x000000008ef00000|100%| O|  |TAMS 0x000000008ee00000, 0x000000008ee00000| Untracked 
| 239|0x000000008ef00000, 0x000000008f000000, 0x000000008f000000|100%| O|  |TAMS 0x000000008ef00000, 0x000000008ef00000| Untracked 
| 240|0x000000008f000000, 0x000000008f100000, 0x000000008f100000|100%| O|  |TAMS 0x000000008f000000, 0x000000008f000000| Untracked 
| 241|0x000000008f100000, 0x000000008f200000, 0x000000008f200000|100%| O|  |TAMS 0x000000008f100000, 0x000000008f100000| Untracked 
| 242|0x000000008f200000, 0x000000008f300000, 0x000000008f300000|100%| O|  |TAMS 0x000000008f200000, 0x000000008f200000| Untracked 
| 243|0x000000008f300000, 0x000000008f400000, 0x000000008f400000|100%| O|  |TAMS 0x000000008f300000, 0x000000008f300000| Untracked 
| 244|0x000000008f400000, 0x000000008f500000, 0x000000008f500000|100%| O|  |TAMS 0x000000008f400000, 0x000000008f400000| Untracked 
| 245|0x000000008f500000, 0x000000008f600000, 0x000000008f600000|100%| O|  |TAMS 0x000000008f500000, 0x000000008f500000| Untracked 
| 246|0x000000008f600000, 0x000000008f700000, 0x000000008f700000|100%| O|  |TAMS 0x000000008f700000, 0x000000008f600000| Untracked 
| 247|0x000000008f700000, 0x000000008f800000, 0x000000008f800000|100%| O|  |TAMS 0x000000008f700000, 0x000000008f700000| Untracked 
| 248|0x000000008f800000, 0x000000008f900000, 0x000000008f900000|100%| O|  |TAMS 0x000000008f800000, 0x000000008f800000| Untracked 
| 249|0x000000008f900000, 0x000000008fa00000, 0x000000008fa00000|100%| O|  |TAMS 0x000000008f900000, 0x000000008f900000| Untracked 
| 250|0x000000008fa00000, 0x000000008fb00000, 0x000000008fb00000|100%| O|  |TAMS 0x000000008fa00000, 0x000000008fa00000| Untracked 
| 251|0x000000008fb00000, 0x000000008fc00000, 0x000000008fc00000|100%| O|  |TAMS 0x000000008fb00000, 0x000000008fb00000| Untracked 
| 252|0x000000008fc00000, 0x000000008fd00000, 0x000000008fd00000|100%| O|  |TAMS 0x000000008fc00000, 0x000000008fc00000| Untracked 
| 253|0x000000008fd00000, 0x000000008fe00000, 0x000000008fe00000|100%| O|  |TAMS 0x000000008fd00000, 0x000000008fd00000| Untracked 
| 254|0x000000008fe00000, 0x000000008ff00000, 0x000000008ff00000|100%| O|  |TAMS 0x000000008fe00000, 0x000000008fe00000| Untracked 
| 255|0x000000008ff00000, 0x0000000090000000, 0x0000000090000000|100%| O|  |TAMS 0x000000008ff00000, 0x000000008ff00000| Untracked 
| 256|0x0000000090000000, 0x0000000090100000, 0x0000000090100000|100%| O|  |TAMS 0x0000000090000000, 0x0000000090000000| Untracked 
| 257|0x0000000090100000, 0x0000000090200000, 0x0000000090200000|100%| O|  |TAMS 0x0000000090100000, 0x0000000090100000| Untracked 
| 258|0x0000000090200000, 0x0000000090300000, 0x0000000090300000|100%| O|  |TAMS 0x0000000090200000, 0x0000000090200000| Untracked 
| 259|0x0000000090300000, 0x0000000090400000, 0x0000000090400000|100%| O|  |TAMS 0x0000000090300000, 0x0000000090300000| Untracked 
| 260|0x0000000090400000, 0x0000000090500000, 0x0000000090500000|100%| O|  |TAMS 0x0000000090400000, 0x0000000090400000| Untracked 
| 261|0x0000000090500000, 0x0000000090600000, 0x0000000090600000|100%| O|  |TAMS 0x00000000905aa200, 0x0000000090500000| Untracked 
| 262|0x0000000090600000, 0x0000000090700000, 0x0000000090700000|100%| O|  |TAMS 0x0000000090600000, 0x0000000090600000| Untracked 
| 263|0x0000000090700000, 0x0000000090800000, 0x0000000090800000|100%| O|  |TAMS 0x0000000090700000, 0x0000000090700000| Untracked 
| 264|0x0000000090800000, 0x0000000090900000, 0x0000000090900000|100%| O|  |TAMS 0x0000000090800000, 0x0000000090800000| Untracked 
| 265|0x0000000090900000, 0x0000000090a00000, 0x0000000090a00000|100%| O|  |TAMS 0x0000000090900000, 0x0000000090900000| Untracked 
| 266|0x0000000090a00000, 0x0000000090b00000, 0x0000000090b00000|100%| O|  |TAMS 0x0000000090a00000, 0x0000000090a00000| Untracked 
| 267|0x0000000090b00000, 0x0000000090c00000, 0x0000000090c00000|100%| O|  |TAMS 0x0000000090b00000, 0x0000000090b00000| Untracked 
| 268|0x0000000090c00000, 0x0000000090d00000, 0x0000000090d00000|100%| O|  |TAMS 0x0000000090c00000, 0x0000000090c00000| Untracked 
| 269|0x0000000090d00000, 0x0000000090e00000, 0x0000000090e00000|100%| O|  |TAMS 0x0000000090d00000, 0x0000000090d00000| Untracked 
| 270|0x0000000090e00000, 0x0000000090f00000, 0x0000000090f00000|100%| O|  |TAMS 0x0000000090e00000, 0x0000000090e00000| Untracked 
| 271|0x0000000090f00000, 0x0000000091000000, 0x0000000091000000|100%| O|  |TAMS 0x0000000090f00000, 0x0000000090f00000| Untracked 
| 272|0x0000000091000000, 0x0000000091100000, 0x0000000091100000|100%| O|  |TAMS 0x0000000091000000, 0x0000000091000000| Untracked 
| 273|0x0000000091100000, 0x0000000091200000, 0x0000000091200000|100%| O|  |TAMS 0x0000000091100000, 0x0000000091100000| Untracked 
| 274|0x0000000091200000, 0x0000000091300000, 0x0000000091300000|100%| O|  |TAMS 0x0000000091200000, 0x0000000091200000| Untracked 
| 275|0x0000000091300000, 0x0000000091400000, 0x0000000091400000|100%| O|  |TAMS 0x0000000091300000, 0x0000000091300000| Untracked 
| 276|0x0000000091400000, 0x0000000091500000, 0x0000000091500000|100%| O|  |TAMS 0x0000000091400000, 0x0000000091400000| Untracked 
| 277|0x0000000091500000, 0x0000000091600000, 0x0000000091600000|100%| O|  |TAMS 0x0000000091500000, 0x0000000091500000| Untracked 
| 278|0x0000000091600000, 0x0000000091700000, 0x0000000091700000|100%| O|  |TAMS 0x0000000091600000, 0x0000000091600000| Untracked 
| 279|0x0000000091700000, 0x0000000091800000, 0x0000000091800000|100%| O|  |TAMS 0x0000000091700000, 0x0000000091700000| Untracked 
| 280|0x0000000091800000, 0x0000000091900000, 0x0000000091900000|100%| O|  |TAMS 0x0000000091800000, 0x0000000091800000| Untracked 
| 281|0x0000000091900000, 0x0000000091a00000, 0x0000000091a00000|100%| O|  |TAMS 0x0000000091900000, 0x0000000091900000| Untracked 
| 282|0x0000000091a00000, 0x0000000091b00000, 0x0000000091b00000|100%| O|  |TAMS 0x0000000091a00000, 0x0000000091a00000| Untracked 
| 283|0x0000000091b00000, 0x0000000091c00000, 0x0000000091c00000|100%| O|  |TAMS 0x0000000091b00000, 0x0000000091b00000| Untracked 
| 284|0x0000000091c00000, 0x0000000091d00000, 0x0000000091d00000|100%| O|  |TAMS 0x0000000091c00000, 0x0000000091c00000| Untracked 
| 285|0x0000000091d00000, 0x0000000091e00000, 0x0000000091e00000|100%| O|  |TAMS 0x0000000091d00000, 0x0000000091d00000| Untracked 
| 286|0x0000000091e00000, 0x0000000091f00000, 0x0000000091f00000|100%| O|  |TAMS 0x0000000091e00000, 0x0000000091e00000| Untracked 
| 287|0x0000000091f00000, 0x0000000092000000, 0x0000000092000000|100%| O|  |TAMS 0x0000000091f00000, 0x0000000091f00000| Untracked 
| 288|0x0000000092000000, 0x0000000092100000, 0x0000000092100000|100%| O|  |TAMS 0x0000000092000000, 0x0000000092000000| Untracked 
| 289|0x0000000092100000, 0x0000000092200000, 0x0000000092200000|100%| O|  |TAMS 0x0000000092100000, 0x0000000092100000| Untracked 
| 290|0x0000000092200000, 0x0000000092300000, 0x0000000092300000|100%| O|  |TAMS 0x0000000092200000, 0x0000000092200000| Untracked 
| 291|0x0000000092300000, 0x0000000092400000, 0x0000000092400000|100%| O|  |TAMS 0x0000000092300000, 0x0000000092300000| Untracked 
| 292|0x0000000092400000, 0x0000000092500000, 0x0000000092500000|100%| O|  |TAMS 0x0000000092400000, 0x0000000092400000| Untracked 
| 293|0x0000000092500000, 0x0000000092600000, 0x0000000092600000|100%| O|  |TAMS 0x0000000092500000, 0x0000000092500000| Untracked 
| 294|0x0000000092600000, 0x0000000092700000, 0x0000000092700000|100%| O|  |TAMS 0x0000000092600000, 0x0000000092600000| Untracked 
| 295|0x0000000092700000, 0x0000000092800000, 0x0000000092800000|100%| O|  |TAMS 0x0000000092700000, 0x0000000092700000| Untracked 
| 296|0x0000000092800000, 0x0000000092900000, 0x0000000092900000|100%| O|  |TAMS 0x0000000092800000, 0x0000000092800000| Untracked 
| 297|0x0000000092900000, 0x0000000092a00000, 0x0000000092a00000|100%| O|  |TAMS 0x0000000092900000, 0x0000000092900000| Untracked 
| 298|0x0000000092a00000, 0x0000000092b00000, 0x0000000092b00000|100%| O|  |TAMS 0x0000000092a00000, 0x0000000092a00000| Untracked 
| 299|0x0000000092b00000, 0x0000000092c00000, 0x0000000092c00000|100%| O|  |TAMS 0x0000000092b00000, 0x0000000092b00000| Untracked 
| 300|0x0000000092c00000, 0x0000000092d00000, 0x0000000092d00000|100%| O|  |TAMS 0x0000000092c00000, 0x0000000092c00000| Untracked 
| 301|0x0000000092d00000, 0x0000000092e00000, 0x0000000092e00000|100%| O|  |TAMS 0x0000000092d00000, 0x0000000092d00000| Untracked 
| 302|0x0000000092e00000, 0x0000000092f00000, 0x0000000092f00000|100%| O|  |TAMS 0x0000000092e00000, 0x0000000092e00000| Untracked 
| 303|0x0000000092f00000, 0x0000000093000000, 0x0000000093000000|100%| O|  |TAMS 0x0000000092f00000, 0x0000000092f00000| Untracked 
| 304|0x0000000093000000, 0x0000000093100000, 0x0000000093100000|100%| O|  |TAMS 0x0000000093000000, 0x0000000093000000| Untracked 
| 305|0x0000000093100000, 0x0000000093200000, 0x0000000093200000|100%| O|  |TAMS 0x0000000093100000, 0x0000000093100000| Untracked 
| 306|0x0000000093200000, 0x0000000093300000, 0x0000000093300000|100%| O|  |TAMS 0x0000000093200000, 0x0000000093200000| Untracked 
| 307|0x0000000093300000, 0x0000000093400000, 0x0000000093400000|100%| O|  |TAMS 0x0000000093300000, 0x0000000093300000| Untracked 
| 308|0x0000000093400000, 0x0000000093500000, 0x0000000093500000|100%| O|  |TAMS 0x0000000093400000, 0x0000000093400000| Untracked 
| 309|0x0000000093500000, 0x0000000093600000, 0x0000000093600000|100%| O|  |TAMS 0x0000000093500000, 0x0000000093500000| Untracked 
| 310|0x0000000093600000, 0x0000000093700000, 0x0000000093700000|100%| O|  |TAMS 0x0000000093600000, 0x0000000093600000| Untracked 
| 311|0x0000000093700000, 0x0000000093800000, 0x0000000093800000|100%| O|  |TAMS 0x0000000093700000, 0x0000000093700000| Untracked 
| 312|0x0000000093800000, 0x0000000093900000, 0x0000000093900000|100%| O|  |TAMS 0x0000000093800000, 0x0000000093800000| Untracked 
| 313|0x0000000093900000, 0x0000000093a00000, 0x0000000093a00000|100%|HS|  |TAMS 0x0000000093900000, 0x0000000093900000| Complete 
| 314|0x0000000093a00000, 0x0000000093b00000, 0x0000000093b00000|100%| O|  |TAMS 0x0000000093a00000, 0x0000000093a00000| Untracked 
| 315|0x0000000093b00000, 0x0000000093c00000, 0x0000000093c00000|100%| O|  |TAMS 0x0000000093b00000, 0x0000000093b00000| Untracked 
| 316|0x0000000093c00000, 0x0000000093d00000, 0x0000000093d00000|100%| O|  |TAMS 0x0000000093c00000, 0x0000000093c00000| Untracked 
| 317|0x0000000093d00000, 0x0000000093e00000, 0x0000000093e00000|100%| O|  |TAMS 0x0000000093d00000, 0x0000000093d00000| Untracked 
| 318|0x0000000093e00000, 0x0000000093f00000, 0x0000000093f00000|100%| O|  |TAMS 0x0000000093e00000, 0x0000000093e00000| Untracked 
| 319|0x0000000093f00000, 0x0000000094000000, 0x0000000094000000|100%| O|  |TAMS 0x0000000093f00000, 0x0000000093f00000| Untracked 
| 320|0x0000000094000000, 0x0000000094100000, 0x0000000094100000|100%| O|  |TAMS 0x0000000094000000, 0x0000000094000000| Untracked 
| 321|0x0000000094100000, 0x0000000094200000, 0x0000000094200000|100%| O|  |TAMS 0x0000000094100000, 0x0000000094100000| Untracked 
| 322|0x0000000094200000, 0x0000000094300000, 0x0000000094300000|100%| O|  |TAMS 0x0000000094200000, 0x0000000094200000| Untracked 
| 323|0x0000000094300000, 0x0000000094400000, 0x0000000094400000|100%| O|  |TAMS 0x0000000094300000, 0x0000000094300000| Untracked 
| 324|0x0000000094400000, 0x0000000094500000, 0x0000000094500000|100%| O|  |TAMS 0x0000000094400000, 0x0000000094400000| Untracked 
| 325|0x0000000094500000, 0x0000000094600000, 0x0000000094600000|100%| O|  |TAMS 0x0000000094500000, 0x0000000094500000| Untracked 
| 326|0x0000000094600000, 0x0000000094700000, 0x0000000094700000|100%| O|  |TAMS 0x0000000094600000, 0x0000000094600000| Untracked 
| 327|0x0000000094700000, 0x0000000094800000, 0x0000000094800000|100%| O|  |TAMS 0x0000000094700000, 0x0000000094700000| Untracked 
| 328|0x0000000094800000, 0x0000000094900000, 0x0000000094900000|100%| O|  |TAMS 0x0000000094800000, 0x0000000094800000| Untracked 
| 329|0x0000000094900000, 0x0000000094a00000, 0x0000000094a00000|100%| O|  |TAMS 0x0000000094900000, 0x0000000094900000| Untracked 
| 330|0x0000000094a00000, 0x0000000094b00000, 0x0000000094b00000|100%| O|  |TAMS 0x0000000094a00000, 0x0000000094a00000| Untracked 
| 331|0x0000000094b00000, 0x0000000094c00000, 0x0000000094c00000|100%| O|  |TAMS 0x0000000094b00000, 0x0000000094b00000| Untracked 
| 332|0x0000000094c00000, 0x0000000094d00000, 0x0000000094d00000|100%| O|  |TAMS 0x0000000094c00000, 0x0000000094c00000| Untracked 
| 333|0x0000000094d00000, 0x0000000094e00000, 0x0000000094e00000|100%| O|  |TAMS 0x0000000094d00000, 0x0000000094d00000| Untracked 
| 334|0x0000000094e00000, 0x0000000094f00000, 0x0000000094f00000|100%| O|  |TAMS 0x0000000094e00000, 0x0000000094e00000| Untracked 
| 335|0x0000000094f00000, 0x0000000095000000, 0x0000000095000000|100%| O|  |TAMS 0x0000000094f00000, 0x0000000094f00000| Untracked 
| 336|0x0000000095000000, 0x0000000095100000, 0x0000000095100000|100%| O|  |TAMS 0x0000000095000000, 0x0000000095000000| Untracked 
| 337|0x0000000095100000, 0x0000000095200000, 0x0000000095200000|100%| O|  |TAMS 0x0000000095100000, 0x0000000095100000| Untracked 
| 338|0x0000000095200000, 0x0000000095300000, 0x0000000095300000|100%| O|  |TAMS 0x0000000095200000, 0x0000000095200000| Untracked 
| 339|0x0000000095300000, 0x0000000095400000, 0x0000000095400000|100%| O|  |TAMS 0x0000000095300000, 0x0000000095300000| Untracked 
| 340|0x0000000095400000, 0x0000000095500000, 0x0000000095500000|100%| O|  |TAMS 0x0000000095400000, 0x0000000095400000| Untracked 
| 341|0x0000000095500000, 0x0000000095600000, 0x0000000095600000|100%| O|  |TAMS 0x0000000095500000, 0x0000000095500000| Untracked 
| 342|0x0000000095600000, 0x0000000095700000, 0x0000000095700000|100%| O|  |TAMS 0x0000000095600000, 0x0000000095600000| Untracked 
| 343|0x0000000095700000, 0x0000000095800000, 0x0000000095800000|100%| O|  |TAMS 0x0000000095700000, 0x0000000095700000| Untracked 
| 344|0x0000000095800000, 0x0000000095900000, 0x0000000095900000|100%| O|  |TAMS 0x0000000095800000, 0x0000000095800000| Untracked 
| 345|0x0000000095900000, 0x0000000095a00000, 0x0000000095a00000|100%| O|  |TAMS 0x0000000095900000, 0x0000000095900000| Untracked 
| 346|0x0000000095a00000, 0x0000000095b00000, 0x0000000095b00000|100%| O|  |TAMS 0x0000000095a00000, 0x0000000095a00000| Untracked 
| 347|0x0000000095b00000, 0x0000000095c00000, 0x0000000095c00000|100%| O|  |TAMS 0x0000000095b00000, 0x0000000095b00000| Untracked 
| 348|0x0000000095c00000, 0x0000000095d00000, 0x0000000095d00000|100%| O|  |TAMS 0x0000000095c00000, 0x0000000095c00000| Untracked 
| 349|0x0000000095d00000, 0x0000000095e00000, 0x0000000095e00000|100%| O|  |TAMS 0x0000000095d00000, 0x0000000095d00000| Untracked 
| 350|0x0000000095e00000, 0x0000000095f00000, 0x0000000095f00000|100%| O|  |TAMS 0x0000000095e00000, 0x0000000095e00000| Untracked 
| 351|0x0000000095f00000, 0x0000000096000000, 0x0000000096000000|100%| O|  |TAMS 0x0000000095f00000, 0x0000000095f00000| Untracked 
| 352|0x0000000096000000, 0x0000000096000000, 0x0000000096100000|  0%| F|  |TAMS 0x0000000096000000, 0x0000000096000000| Untracked 
| 353|0x0000000096100000, 0x0000000096100000, 0x0000000096200000|  0%| F|  |TAMS 0x0000000096100000, 0x0000000096100000| Untracked 
| 354|0x0000000096200000, 0x0000000096200000, 0x0000000096300000|  0%| F|  |TAMS 0x0000000096200000, 0x0000000096200000| Untracked 
| 355|0x0000000096300000, 0x0000000096400000, 0x0000000096400000|100%| O|  |TAMS 0x0000000096300000, 0x0000000096300000| Untracked 
| 356|0x0000000096400000, 0x0000000096500000, 0x0000000096500000|100%| O|  |TAMS 0x0000000096400000, 0x0000000096400000| Untracked 
| 357|0x0000000096500000, 0x0000000096600000, 0x0000000096600000|100%| O|  |TAMS 0x0000000096500000, 0x0000000096500000| Untracked 
| 358|0x0000000096600000, 0x0000000096700000, 0x0000000096700000|100%| O|  |TAMS 0x0000000096600000, 0x0000000096600000| Untracked 
| 359|0x0000000096700000, 0x0000000096800000, 0x0000000096800000|100%| O|  |TAMS 0x0000000096700000, 0x0000000096700000| Untracked 
| 360|0x0000000096800000, 0x0000000096900000, 0x0000000096900000|100%| O|  |TAMS 0x0000000096800000, 0x0000000096800000| Untracked 
| 361|0x0000000096900000, 0x0000000096a00000, 0x0000000096a00000|100%| O|  |TAMS 0x0000000096900000, 0x0000000096900000| Untracked 
| 362|0x0000000096a00000, 0x0000000096b00000, 0x0000000096b00000|100%| O|  |TAMS 0x0000000096a00000, 0x0000000096a00000| Untracked 
| 363|0x0000000096b00000, 0x0000000096c00000, 0x0000000096c00000|100%| O|  |TAMS 0x0000000096b00000, 0x0000000096b00000| Untracked 
| 364|0x0000000096c00000, 0x0000000096d00000, 0x0000000096d00000|100%| O|  |TAMS 0x0000000096c00000, 0x0000000096c00000| Untracked 
| 365|0x0000000096d00000, 0x0000000096e00000, 0x0000000096e00000|100%| O|  |TAMS 0x0000000096d00000, 0x0000000096d00000| Untracked 
| 366|0x0000000096e00000, 0x0000000096f00000, 0x0000000096f00000|100%| O|  |TAMS 0x0000000096e00000, 0x0000000096e00000| Untracked 
| 367|0x0000000096f00000, 0x0000000097000000, 0x0000000097000000|100%| O|  |TAMS 0x0000000096f00000, 0x0000000096f00000| Untracked 
| 368|0x0000000097000000, 0x0000000097100000, 0x0000000097100000|100%| O|  |TAMS 0x0000000097000000, 0x0000000097000000| Untracked 
| 369|0x0000000097100000, 0x0000000097200000, 0x0000000097200000|100%|HS|  |TAMS 0x0000000097100000, 0x0000000097100000| Complete 
| 370|0x0000000097200000, 0x0000000097300000, 0x0000000097300000|100%|HC|  |TAMS 0x0000000097200000, 0x0000000097200000| Complete 
| 371|0x0000000097300000, 0x0000000097300000, 0x0000000097400000|  0%| F|  |TAMS 0x0000000097300000, 0x0000000097300000| Untracked 
| 372|0x0000000097400000, 0x0000000097400000, 0x0000000097500000|  0%| F|  |TAMS 0x0000000097400000, 0x0000000097400000| Untracked 
| 373|0x0000000097500000, 0x0000000097500000, 0x0000000097600000|  0%| F|  |TAMS 0x0000000097500000, 0x0000000097500000| Untracked 
| 374|0x0000000097600000, 0x0000000097700000, 0x0000000097700000|100%| O|  |TAMS 0x0000000097600000, 0x0000000097600000| Untracked 
| 375|0x0000000097700000, 0x0000000097800000, 0x0000000097800000|100%| O|  |TAMS 0x0000000097700000, 0x0000000097700000| Untracked 
| 376|0x0000000097800000, 0x0000000097900000, 0x0000000097900000|100%| O|  |TAMS 0x0000000097800000, 0x0000000097800000| Untracked 
| 377|0x0000000097900000, 0x000000009797f400, 0x0000000097a00000| 49%| O|  |TAMS 0x0000000097900000, 0x0000000097900000| Untracked 
| 378|0x0000000097a00000, 0x0000000097a00000, 0x0000000097b00000|  0%| F|  |TAMS 0x0000000097a00000, 0x0000000097a00000| Untracked 
| 379|0x0000000097b00000, 0x0000000097b00000, 0x0000000097c00000|  0%| F|  |TAMS 0x0000000097b00000, 0x0000000097b00000| Untracked 
| 380|0x0000000097c00000, 0x0000000097c00000, 0x0000000097d00000|  0%| F|  |TAMS 0x0000000097c00000, 0x0000000097c00000| Untracked 
| 381|0x0000000097d00000, 0x0000000097d00000, 0x0000000097e00000|  0%| F|  |TAMS 0x0000000097d00000, 0x0000000097d00000| Untracked 
| 382|0x0000000097e00000, 0x0000000097e00000, 0x0000000097f00000|  0%| F|  |TAMS 0x0000000097e00000, 0x0000000097e00000| Untracked 
| 383|0x0000000097f00000, 0x0000000097f00000, 0x0000000098000000|  0%| F|  |TAMS 0x0000000097f00000, 0x0000000097f00000| Untracked 
| 384|0x0000000098000000, 0x0000000098000000, 0x0000000098100000|  0%| F|  |TAMS 0x0000000098000000, 0x0000000098000000| Untracked 
| 385|0x0000000098100000, 0x0000000098100000, 0x0000000098200000|  0%| F|  |TAMS 0x0000000098100000, 0x0000000098100000| Untracked 
| 386|0x0000000098200000, 0x0000000098200000, 0x0000000098300000|  0%| F|  |TAMS 0x0000000098200000, 0x0000000098200000| Untracked 
| 387|0x0000000098300000, 0x0000000098300000, 0x0000000098400000|  0%| F|  |TAMS 0x0000000098300000, 0x0000000098300000| Untracked 
| 388|0x0000000098400000, 0x0000000098400000, 0x0000000098500000|  0%| F|  |TAMS 0x0000000098400000, 0x0000000098400000| Untracked 
| 389|0x0000000098500000, 0x0000000098500000, 0x0000000098600000|  0%| F|  |TAMS 0x0000000098500000, 0x0000000098500000| Untracked 
| 390|0x0000000098600000, 0x0000000098600000, 0x0000000098700000|  0%| F|  |TAMS 0x0000000098600000, 0x0000000098600000| Untracked 
| 391|0x0000000098700000, 0x0000000098700000, 0x0000000098800000|  0%| F|  |TAMS 0x0000000098700000, 0x0000000098700000| Untracked 
| 392|0x0000000098800000, 0x0000000098800000, 0x0000000098900000|  0%| F|  |TAMS 0x0000000098800000, 0x0000000098800000| Untracked 
| 393|0x0000000098900000, 0x0000000098900000, 0x0000000098a00000|  0%| F|  |TAMS 0x0000000098900000, 0x0000000098900000| Untracked 
| 394|0x0000000098a00000, 0x0000000098a00000, 0x0000000098b00000|  0%| F|  |TAMS 0x0000000098a00000, 0x0000000098a00000| Untracked 
| 395|0x0000000098b00000, 0x0000000098b00000, 0x0000000098c00000|  0%| F|  |TAMS 0x0000000098b00000, 0x0000000098b00000| Untracked 
| 396|0x0000000098c00000, 0x0000000098c00000, 0x0000000098d00000|  0%| F|  |TAMS 0x0000000098c00000, 0x0000000098c00000| Untracked 
| 397|0x0000000098d00000, 0x0000000098d00000, 0x0000000098e00000|  0%| F|  |TAMS 0x0000000098d00000, 0x0000000098d00000| Untracked 
| 398|0x0000000098e00000, 0x0000000098e00000, 0x0000000098f00000|  0%| F|  |TAMS 0x0000000098e00000, 0x0000000098e00000| Untracked 
| 399|0x0000000098f00000, 0x0000000098f00000, 0x0000000099000000|  0%| F|  |TAMS 0x0000000098f00000, 0x0000000098f00000| Untracked 
| 400|0x0000000099000000, 0x0000000099000000, 0x0000000099100000|  0%| F|  |TAMS 0x0000000099000000, 0x0000000099000000| Untracked 
| 401|0x0000000099100000, 0x0000000099100000, 0x0000000099200000|  0%| F|  |TAMS 0x0000000099100000, 0x0000000099100000| Untracked 
| 402|0x0000000099200000, 0x0000000099200000, 0x0000000099300000|  0%| F|  |TAMS 0x0000000099200000, 0x0000000099200000| Untracked 
| 403|0x0000000099300000, 0x0000000099300000, 0x0000000099400000|  0%| F|  |TAMS 0x0000000099300000, 0x0000000099300000| Untracked 
| 404|0x0000000099400000, 0x0000000099400000, 0x0000000099500000|  0%| F|  |TAMS 0x0000000099400000, 0x0000000099400000| Untracked 
| 405|0x0000000099500000, 0x0000000099500000, 0x0000000099600000|  0%| F|  |TAMS 0x0000000099500000, 0x0000000099500000| Untracked 
| 406|0x0000000099600000, 0x0000000099600000, 0x0000000099700000|  0%| F|  |TAMS 0x0000000099600000, 0x0000000099600000| Untracked 
| 407|0x0000000099700000, 0x0000000099700000, 0x0000000099800000|  0%| F|  |TAMS 0x0000000099700000, 0x0000000099700000| Untracked 
| 408|0x0000000099800000, 0x0000000099800000, 0x0000000099900000|  0%| F|  |TAMS 0x0000000099800000, 0x0000000099800000| Untracked 
| 409|0x0000000099900000, 0x0000000099900000, 0x0000000099a00000|  0%| F|  |TAMS 0x0000000099900000, 0x0000000099900000| Untracked 
| 410|0x0000000099a00000, 0x0000000099a00000, 0x0000000099b00000|  0%| F|  |TAMS 0x0000000099a00000, 0x0000000099a00000| Untracked 
| 411|0x0000000099b00000, 0x0000000099b00000, 0x0000000099c00000|  0%| F|  |TAMS 0x0000000099b00000, 0x0000000099b00000| Untracked 
| 412|0x0000000099c00000, 0x0000000099c00000, 0x0000000099d00000|  0%| F|  |TAMS 0x0000000099c00000, 0x0000000099c00000| Untracked 
| 413|0x0000000099d00000, 0x0000000099d00000, 0x0000000099e00000|  0%| F|  |TAMS 0x0000000099d00000, 0x0000000099d00000| Untracked 
| 414|0x0000000099e00000, 0x0000000099e00000, 0x0000000099f00000|  0%| F|  |TAMS 0x0000000099e00000, 0x0000000099e00000| Untracked 
| 415|0x0000000099f00000, 0x0000000099f00000, 0x000000009a000000|  0%| F|  |TAMS 0x0000000099f00000, 0x0000000099f00000| Untracked 
| 416|0x000000009a000000, 0x000000009a000000, 0x000000009a100000|  0%| F|  |TAMS 0x000000009a000000, 0x000000009a000000| Untracked 
| 417|0x000000009a100000, 0x000000009a100000, 0x000000009a200000|  0%| F|  |TAMS 0x000000009a100000, 0x000000009a100000| Untracked 
| 418|0x000000009a200000, 0x000000009a200000, 0x000000009a300000|  0%| F|  |TAMS 0x000000009a200000, 0x000000009a200000| Untracked 
| 419|0x000000009a300000, 0x000000009a300000, 0x000000009a400000|  0%| F|  |TAMS 0x000000009a300000, 0x000000009a300000| Untracked 
| 420|0x000000009a400000, 0x000000009a400000, 0x000000009a500000|  0%| F|  |TAMS 0x000000009a400000, 0x000000009a400000| Untracked 
| 421|0x000000009a500000, 0x000000009a500000, 0x000000009a600000|  0%| F|  |TAMS 0x000000009a500000, 0x000000009a500000| Untracked 
| 422|0x000000009a600000, 0x000000009a600000, 0x000000009a700000|  0%| F|  |TAMS 0x000000009a600000, 0x000000009a600000| Untracked 
| 423|0x000000009a700000, 0x000000009a700000, 0x000000009a800000|  0%| F|  |TAMS 0x000000009a700000, 0x000000009a700000| Untracked 
| 424|0x000000009a800000, 0x000000009a800000, 0x000000009a900000|  0%| F|  |TAMS 0x000000009a800000, 0x000000009a800000| Untracked 
| 425|0x000000009a900000, 0x000000009a900000, 0x000000009aa00000|  0%| F|  |TAMS 0x000000009a900000, 0x000000009a900000| Untracked 
| 426|0x000000009aa00000, 0x000000009aa00000, 0x000000009ab00000|  0%| F|  |TAMS 0x000000009aa00000, 0x000000009aa00000| Untracked 
| 427|0x000000009ab00000, 0x000000009ab00000, 0x000000009ac00000|  0%| F|  |TAMS 0x000000009ab00000, 0x000000009ab00000| Untracked 
| 428|0x000000009ac00000, 0x000000009ac00000, 0x000000009ad00000|  0%| F|  |TAMS 0x000000009ac00000, 0x000000009ac00000| Untracked 
| 429|0x000000009ad00000, 0x000000009ad00000, 0x000000009ae00000|  0%| F|  |TAMS 0x000000009ad00000, 0x000000009ad00000| Untracked 
| 430|0x000000009ae00000, 0x000000009ae00000, 0x000000009af00000|  0%| F|  |TAMS 0x000000009ae00000, 0x000000009ae00000| Untracked 
| 431|0x000000009af00000, 0x000000009af00000, 0x000000009b000000|  0%| F|  |TAMS 0x000000009af00000, 0x000000009af00000| Untracked 
| 432|0x000000009b000000, 0x000000009b000000, 0x000000009b100000|  0%| F|  |TAMS 0x000000009b000000, 0x000000009b000000| Untracked 
| 433|0x000000009b100000, 0x000000009b100000, 0x000000009b200000|  0%| F|  |TAMS 0x000000009b100000, 0x000000009b100000| Untracked 
| 434|0x000000009b200000, 0x000000009b200000, 0x000000009b300000|  0%| F|  |TAMS 0x000000009b200000, 0x000000009b200000| Untracked 
| 435|0x000000009b300000, 0x000000009b300000, 0x000000009b400000|  0%| F|  |TAMS 0x000000009b300000, 0x000000009b300000| Untracked 
| 436|0x000000009b400000, 0x000000009b4558c0, 0x000000009b500000| 33%| S|CS|TAMS 0x000000009b400000, 0x000000009b400000| Complete 
| 437|0x000000009b500000, 0x000000009b500000, 0x000000009b600000|  0%| F|  |TAMS 0x000000009b500000, 0x000000009b500000| Untracked 
| 438|0x000000009b600000, 0x000000009b600000, 0x000000009b700000|  0%| F|  |TAMS 0x000000009b600000, 0x000000009b600000| Untracked 
| 439|0x000000009b700000, 0x000000009b700000, 0x000000009b800000|  0%| F|  |TAMS 0x000000009b700000, 0x000000009b700000| Untracked 
| 440|0x000000009b800000, 0x000000009b800000, 0x000000009b900000|  0%| F|  |TAMS 0x000000009b800000, 0x000000009b800000| Untracked 
| 441|0x000000009b900000, 0x000000009b900000, 0x000000009ba00000|  0%| F|  |TAMS 0x000000009b900000, 0x000000009b900000| Untracked 
| 442|0x000000009ba00000, 0x000000009ba00000, 0x000000009bb00000|  0%| F|  |TAMS 0x000000009ba00000, 0x000000009ba00000| Untracked 
| 443|0x000000009bb00000, 0x000000009bc00000, 0x000000009bc00000|100%| S|CS|TAMS 0x000000009bb00000, 0x000000009bb00000| Complete 
| 444|0x000000009bc00000, 0x000000009bd00000, 0x000000009bd00000|100%| S|CS|TAMS 0x000000009bc00000, 0x000000009bc00000| Complete 
| 445|0x000000009bd00000, 0x000000009be00000, 0x000000009be00000|100%| S|CS|TAMS 0x000000009bd00000, 0x000000009bd00000| Complete 
| 446|0x000000009be00000, 0x000000009be00000, 0x000000009bf00000|  0%| F|  |TAMS 0x000000009be00000, 0x000000009be00000| Untracked 
| 447|0x000000009bf00000, 0x000000009c000000, 0x000000009c000000|100%| S|CS|TAMS 0x000000009bf00000, 0x000000009bf00000| Complete 
| 448|0x000000009c000000, 0x000000009c100000, 0x000000009c100000|100%| S|CS|TAMS 0x000000009c000000, 0x000000009c000000| Complete 
| 449|0x000000009c100000, 0x000000009c200000, 0x000000009c200000|100%| S|CS|TAMS 0x000000009c100000, 0x000000009c100000| Complete 
| 450|0x000000009c200000, 0x000000009c300000, 0x000000009c300000|100%| S|CS|TAMS 0x000000009c200000, 0x000000009c200000| Complete 
| 451|0x000000009c300000, 0x000000009c400000, 0x000000009c400000|100%| S|CS|TAMS 0x000000009c300000, 0x000000009c300000| Complete 
| 452|0x000000009c400000, 0x000000009c400000, 0x000000009c500000|  0%| F|  |TAMS 0x000000009c400000, 0x000000009c400000| Untracked 
| 453|0x000000009c500000, 0x000000009c500000, 0x000000009c600000|  0%| F|  |TAMS 0x000000009c500000, 0x000000009c500000| Untracked 
| 454|0x000000009c600000, 0x000000009c600000, 0x000000009c700000|  0%| F|  |TAMS 0x000000009c600000, 0x000000009c600000| Untracked 
| 455|0x000000009c700000, 0x000000009c700000, 0x000000009c800000|  0%| F|  |TAMS 0x000000009c700000, 0x000000009c700000| Untracked 
| 456|0x000000009c800000, 0x000000009c800000, 0x000000009c900000|  0%| F|  |TAMS 0x000000009c800000, 0x000000009c800000| Untracked 
| 457|0x000000009c900000, 0x000000009c900000, 0x000000009ca00000|  0%| F|  |TAMS 0x000000009c900000, 0x000000009c900000| Untracked 
| 458|0x000000009ca00000, 0x000000009ca00000, 0x000000009cb00000|  0%| F|  |TAMS 0x000000009ca00000, 0x000000009ca00000| Untracked 
| 459|0x000000009cb00000, 0x000000009cb00000, 0x000000009cc00000|  0%| F|  |TAMS 0x000000009cb00000, 0x000000009cb00000| Untracked 
| 460|0x000000009cc00000, 0x000000009cc00000, 0x000000009cd00000|  0%| F|  |TAMS 0x000000009cc00000, 0x000000009cc00000| Untracked 
| 461|0x000000009cd00000, 0x000000009cd00000, 0x000000009ce00000|  0%| F|  |TAMS 0x000000009cd00000, 0x000000009cd00000| Untracked 
| 462|0x000000009ce00000, 0x000000009ce00000, 0x000000009cf00000|  0%| F|  |TAMS 0x000000009ce00000, 0x000000009ce00000| Untracked 
| 463|0x000000009cf00000, 0x000000009cf00000, 0x000000009d000000|  0%| F|  |TAMS 0x000000009cf00000, 0x000000009cf00000| Untracked 
| 464|0x000000009d000000, 0x000000009d000000, 0x000000009d100000|  0%| F|  |TAMS 0x000000009d000000, 0x000000009d000000| Untracked 
| 465|0x000000009d100000, 0x000000009d100000, 0x000000009d200000|  0%| F|  |TAMS 0x000000009d100000, 0x000000009d100000| Untracked 
| 466|0x000000009d200000, 0x000000009d200000, 0x000000009d300000|  0%| F|  |TAMS 0x000000009d200000, 0x000000009d200000| Untracked 
| 467|0x000000009d300000, 0x000000009d300000, 0x000000009d400000|  0%| F|  |TAMS 0x000000009d300000, 0x000000009d300000| Untracked 
| 468|0x000000009d400000, 0x000000009d400000, 0x000000009d500000|  0%| F|  |TAMS 0x000000009d400000, 0x000000009d400000| Untracked 
| 469|0x000000009d500000, 0x000000009d500000, 0x000000009d600000|  0%| F|  |TAMS 0x000000009d500000, 0x000000009d500000| Untracked 
| 470|0x000000009d600000, 0x000000009d700000, 0x000000009d700000|100%| E|  |TAMS 0x000000009d600000, 0x000000009d600000| Complete 
| 471|0x000000009d700000, 0x000000009d800000, 0x000000009d800000|100%| E|CS|TAMS 0x000000009d700000, 0x000000009d700000| Complete 
| 472|0x000000009d800000, 0x000000009d900000, 0x000000009d900000|100%| E|CS|TAMS 0x000000009d800000, 0x000000009d800000| Complete 
| 473|0x000000009d900000, 0x000000009da00000, 0x000000009da00000|100%| E|CS|TAMS 0x000000009d900000, 0x000000009d900000| Complete 
| 474|0x000000009da00000, 0x000000009db00000, 0x000000009db00000|100%| E|CS|TAMS 0x000000009da00000, 0x000000009da00000| Complete 
| 475|0x000000009db00000, 0x000000009dc00000, 0x000000009dc00000|100%| E|CS|TAMS 0x000000009db00000, 0x000000009db00000| Complete 
| 476|0x000000009dc00000, 0x000000009dd00000, 0x000000009dd00000|100%| E|CS|TAMS 0x000000009dc00000, 0x000000009dc00000| Complete 
| 477|0x000000009dd00000, 0x000000009de00000, 0x000000009de00000|100%| E|CS|TAMS 0x000000009dd00000, 0x000000009dd00000| Complete 
| 478|0x000000009de00000, 0x000000009df00000, 0x000000009df00000|100%| E|CS|TAMS 0x000000009de00000, 0x000000009de00000| Complete 
| 479|0x000000009df00000, 0x000000009e000000, 0x000000009e000000|100%| E|CS|TAMS 0x000000009df00000, 0x000000009df00000| Complete 
| 480|0x000000009e000000, 0x000000009e100000, 0x000000009e100000|100%| E|CS|TAMS 0x000000009e000000, 0x000000009e000000| Complete 
| 481|0x000000009e100000, 0x000000009e200000, 0x000000009e200000|100%| E|CS|TAMS 0x000000009e100000, 0x000000009e100000| Complete 
| 482|0x000000009e200000, 0x000000009e300000, 0x000000009e300000|100%| E|CS|TAMS 0x000000009e200000, 0x000000009e200000| Complete 
| 483|0x000000009e300000, 0x000000009e400000, 0x000000009e400000|100%| E|CS|TAMS 0x000000009e300000, 0x000000009e300000| Complete 
| 484|0x000000009e400000, 0x000000009e500000, 0x000000009e500000|100%| E|CS|TAMS 0x000000009e400000, 0x000000009e400000| Complete 
| 485|0x000000009e500000, 0x000000009e600000, 0x000000009e600000|100%| E|CS|TAMS 0x000000009e500000, 0x000000009e500000| Complete 
| 486|0x000000009e600000, 0x000000009e700000, 0x000000009e700000|100%| E|CS|TAMS 0x000000009e600000, 0x000000009e600000| Complete 
| 487|0x000000009e700000, 0x000000009e800000, 0x000000009e800000|100%| E|CS|TAMS 0x000000009e700000, 0x000000009e700000| Complete 
| 488|0x000000009e800000, 0x000000009e900000, 0x000000009e900000|100%| E|CS|TAMS 0x000000009e800000, 0x000000009e800000| Complete 
| 489|0x000000009e900000, 0x000000009ea00000, 0x000000009ea00000|100%| E|CS|TAMS 0x000000009e900000, 0x000000009e900000| Complete 
| 490|0x000000009ea00000, 0x000000009eb00000, 0x000000009eb00000|100%| E|CS|TAMS 0x000000009ea00000, 0x000000009ea00000| Complete 
| 491|0x000000009eb00000, 0x000000009ec00000, 0x000000009ec00000|100%| E|CS|TAMS 0x000000009eb00000, 0x000000009eb00000| Complete 
| 492|0x000000009ec00000, 0x000000009ed00000, 0x000000009ed00000|100%| E|CS|TAMS 0x000000009ec00000, 0x000000009ec00000| Complete 
| 493|0x000000009ed00000, 0x000000009ee00000, 0x000000009ee00000|100%| E|CS|TAMS 0x000000009ed00000, 0x000000009ed00000| Complete 
| 494|0x000000009ee00000, 0x000000009ef00000, 0x000000009ef00000|100%| E|CS|TAMS 0x000000009ee00000, 0x000000009ee00000| Complete 
| 495|0x000000009ef00000, 0x000000009f000000, 0x000000009f000000|100%| E|CS|TAMS 0x000000009ef00000, 0x000000009ef00000| Complete 
| 496|0x000000009f000000, 0x000000009f100000, 0x000000009f100000|100%| E|CS|TAMS 0x000000009f000000, 0x000000009f000000| Complete 
| 497|0x000000009f100000, 0x000000009f200000, 0x000000009f200000|100%| E|CS|TAMS 0x000000009f100000, 0x000000009f100000| Complete 
| 498|0x000000009f200000, 0x000000009f300000, 0x000000009f300000|100%| E|CS|TAMS 0x000000009f200000, 0x000000009f200000| Complete 
| 499|0x000000009f300000, 0x000000009f400000, 0x000000009f400000|100%| E|CS|TAMS 0x000000009f300000, 0x000000009f300000| Complete 
| 500|0x000000009f400000, 0x000000009f500000, 0x000000009f500000|100%| E|CS|TAMS 0x000000009f400000, 0x000000009f400000| Complete 
| 501|0x000000009f500000, 0x000000009f600000, 0x000000009f600000|100%| E|CS|TAMS 0x000000009f500000, 0x000000009f500000| Complete 
| 502|0x000000009f600000, 0x000000009f700000, 0x000000009f700000|100%| E|CS|TAMS 0x000000009f600000, 0x000000009f600000| Complete 
| 503|0x000000009f700000, 0x000000009f800000, 0x000000009f800000|100%| E|CS|TAMS 0x000000009f700000, 0x000000009f700000| Complete 
| 504|0x000000009f800000, 0x000000009f900000, 0x000000009f900000|100%| E|CS|TAMS 0x000000009f800000, 0x000000009f800000| Complete 
| 505|0x000000009f900000, 0x000000009fa00000, 0x000000009fa00000|100%| E|CS|TAMS 0x000000009f900000, 0x000000009f900000| Complete 
| 506|0x000000009fa00000, 0x000000009fb00000, 0x000000009fb00000|100%| E|CS|TAMS 0x000000009fa00000, 0x000000009fa00000| Complete 
| 507|0x000000009fb00000, 0x000000009fc00000, 0x000000009fc00000|100%| E|CS|TAMS 0x000000009fb00000, 0x000000009fb00000| Complete 
| 508|0x000000009fc00000, 0x000000009fd00000, 0x000000009fd00000|100%| E|CS|TAMS 0x000000009fc00000, 0x000000009fc00000| Complete 
| 509|0x000000009fd00000, 0x000000009fe00000, 0x000000009fe00000|100%| E|CS|TAMS 0x000000009fd00000, 0x000000009fd00000| Complete 
| 510|0x000000009fe00000, 0x000000009ff00000, 0x000000009ff00000|100%| E|CS|TAMS 0x000000009fe00000, 0x000000009fe00000| Complete 
| 511|0x000000009ff00000, 0x00000000a0000000, 0x00000000a0000000|100%| E|CS|TAMS 0x000000009ff00000, 0x000000009ff00000| Complete 
| 512|0x00000000a0000000, 0x00000000a0100000, 0x00000000a0100000|100%| E|CS|TAMS 0x00000000a0000000, 0x00000000a0000000| Complete 
| 513|0x00000000a0100000, 0x00000000a0200000, 0x00000000a0200000|100%| E|CS|TAMS 0x00000000a0100000, 0x00000000a0100000| Complete 
| 514|0x00000000a0200000, 0x00000000a0300000, 0x00000000a0300000|100%| E|CS|TAMS 0x00000000a0200000, 0x00000000a0200000| Complete 
| 515|0x00000000a0300000, 0x00000000a0400000, 0x00000000a0400000|100%| E|CS|TAMS 0x00000000a0300000, 0x00000000a0300000| Complete 
| 516|0x00000000a0400000, 0x00000000a0500000, 0x00000000a0500000|100%| E|CS|TAMS 0x00000000a0400000, 0x00000000a0400000| Complete 
| 517|0x00000000a0500000, 0x00000000a0600000, 0x00000000a0600000|100%| E|CS|TAMS 0x00000000a0500000, 0x00000000a0500000| Complete 
| 518|0x00000000a0600000, 0x00000000a0700000, 0x00000000a0700000|100%| E|CS|TAMS 0x00000000a0600000, 0x00000000a0600000| Complete 
| 519|0x00000000a0700000, 0x00000000a0800000, 0x00000000a0800000|100%| E|CS|TAMS 0x00000000a0700000, 0x00000000a0700000| Complete 
| 520|0x00000000a0800000, 0x00000000a0900000, 0x00000000a0900000|100%| E|CS|TAMS 0x00000000a0800000, 0x00000000a0800000| Complete 
| 521|0x00000000a0900000, 0x00000000a0a00000, 0x00000000a0a00000|100%| E|CS|TAMS 0x00000000a0900000, 0x00000000a0900000| Complete 
| 522|0x00000000a0a00000, 0x00000000a0b00000, 0x00000000a0b00000|100%| E|CS|TAMS 0x00000000a0a00000, 0x00000000a0a00000| Complete 
| 523|0x00000000a0b00000, 0x00000000a0c00000, 0x00000000a0c00000|100%| E|CS|TAMS 0x00000000a0b00000, 0x00000000a0b00000| Complete 
| 524|0x00000000a0c00000, 0x00000000a0d00000, 0x00000000a0d00000|100%| E|CS|TAMS 0x00000000a0c00000, 0x00000000a0c00000| Complete 
| 525|0x00000000a0d00000, 0x00000000a0e00000, 0x00000000a0e00000|100%| E|CS|TAMS 0x00000000a0d00000, 0x00000000a0d00000| Complete 
| 526|0x00000000a0e00000, 0x00000000a0f00000, 0x00000000a0f00000|100%| E|CS|TAMS 0x00000000a0e00000, 0x00000000a0e00000| Complete 
| 527|0x00000000a0f00000, 0x00000000a1000000, 0x00000000a1000000|100%| E|CS|TAMS 0x00000000a0f00000, 0x00000000a0f00000| Complete 
| 528|0x00000000a1000000, 0x00000000a1100000, 0x00000000a1100000|100%| E|CS|TAMS 0x00000000a1000000, 0x00000000a1000000| Complete 
| 529|0x00000000a1100000, 0x00000000a1200000, 0x00000000a1200000|100%| E|CS|TAMS 0x00000000a1100000, 0x00000000a1100000| Complete 
| 530|0x00000000a1200000, 0x00000000a1300000, 0x00000000a1300000|100%| E|CS|TAMS 0x00000000a1200000, 0x00000000a1200000| Complete 
| 531|0x00000000a1300000, 0x00000000a1400000, 0x00000000a1400000|100%| E|CS|TAMS 0x00000000a1300000, 0x00000000a1300000| Complete 
| 532|0x00000000a1400000, 0x00000000a1500000, 0x00000000a1500000|100%| E|CS|TAMS 0x00000000a1400000, 0x00000000a1400000| Complete 
| 533|0x00000000a1500000, 0x00000000a1600000, 0x00000000a1600000|100%| E|CS|TAMS 0x00000000a1500000, 0x00000000a1500000| Complete 
| 534|0x00000000a1600000, 0x00000000a1700000, 0x00000000a1700000|100%| E|CS|TAMS 0x00000000a1600000, 0x00000000a1600000| Complete 
| 535|0x00000000a1700000, 0x00000000a1800000, 0x00000000a1800000|100%| E|CS|TAMS 0x00000000a1700000, 0x00000000a1700000| Complete 
| 536|0x00000000a1800000, 0x00000000a1900000, 0x00000000a1900000|100%| E|CS|TAMS 0x00000000a1800000, 0x00000000a1800000| Complete 
| 537|0x00000000a1900000, 0x00000000a1a00000, 0x00000000a1a00000|100%| E|CS|TAMS 0x00000000a1900000, 0x00000000a1900000| Complete 
| 538|0x00000000a1a00000, 0x00000000a1b00000, 0x00000000a1b00000|100%| E|CS|TAMS 0x00000000a1a00000, 0x00000000a1a00000| Complete 
| 539|0x00000000a1b00000, 0x00000000a1c00000, 0x00000000a1c00000|100%| E|CS|TAMS 0x00000000a1b00000, 0x00000000a1b00000| Complete 
| 540|0x00000000a1c00000, 0x00000000a1d00000, 0x00000000a1d00000|100%| E|CS|TAMS 0x00000000a1c00000, 0x00000000a1c00000| Complete 
| 541|0x00000000a1d00000, 0x00000000a1e00000, 0x00000000a1e00000|100%| E|CS|TAMS 0x00000000a1d00000, 0x00000000a1d00000| Complete 
| 542|0x00000000a1e00000, 0x00000000a1f00000, 0x00000000a1f00000|100%| E|CS|TAMS 0x00000000a1e00000, 0x00000000a1e00000| Complete 
| 543|0x00000000a1f00000, 0x00000000a2000000, 0x00000000a2000000|100%| E|CS|TAMS 0x00000000a1f00000, 0x00000000a1f00000| Complete 
| 544|0x00000000a2000000, 0x00000000a2100000, 0x00000000a2100000|100%| E|CS|TAMS 0x00000000a2000000, 0x00000000a2000000| Complete 
| 545|0x00000000a2100000, 0x00000000a2200000, 0x00000000a2200000|100%| E|CS|TAMS 0x00000000a2100000, 0x00000000a2100000| Complete 
| 546|0x00000000a2200000, 0x00000000a2300000, 0x00000000a2300000|100%| E|CS|TAMS 0x00000000a2200000, 0x00000000a2200000| Complete 
| 547|0x00000000a2300000, 0x00000000a2400000, 0x00000000a2400000|100%| E|CS|TAMS 0x00000000a2300000, 0x00000000a2300000| Complete 
| 548|0x00000000a2400000, 0x00000000a2500000, 0x00000000a2500000|100%| E|CS|TAMS 0x00000000a2400000, 0x00000000a2400000| Complete 
| 549|0x00000000a2500000, 0x00000000a2600000, 0x00000000a2600000|100%| E|CS|TAMS 0x00000000a2500000, 0x00000000a2500000| Complete 
| 550|0x00000000a2600000, 0x00000000a2700000, 0x00000000a2700000|100%| E|CS|TAMS 0x00000000a2600000, 0x00000000a2600000| Complete 
| 551|0x00000000a2700000, 0x00000000a2800000, 0x00000000a2800000|100%| E|CS|TAMS 0x00000000a2700000, 0x00000000a2700000| Complete 
| 552|0x00000000a2800000, 0x00000000a2900000, 0x00000000a2900000|100%| E|CS|TAMS 0x00000000a2800000, 0x00000000a2800000| Complete 
| 553|0x00000000a2900000, 0x00000000a2a00000, 0x00000000a2a00000|100%| E|CS|TAMS 0x00000000a2900000, 0x00000000a2900000| Complete 
| 554|0x00000000a2a00000, 0x00000000a2b00000, 0x00000000a2b00000|100%| E|CS|TAMS 0x00000000a2a00000, 0x00000000a2a00000| Complete 
| 555|0x00000000a2b00000, 0x00000000a2c00000, 0x00000000a2c00000|100%| E|CS|TAMS 0x00000000a2b00000, 0x00000000a2b00000| Complete 
| 556|0x00000000a2c00000, 0x00000000a2d00000, 0x00000000a2d00000|100%| E|CS|TAMS 0x00000000a2c00000, 0x00000000a2c00000| Complete 
| 557|0x00000000a2d00000, 0x00000000a2e00000, 0x00000000a2e00000|100%| E|CS|TAMS 0x00000000a2d00000, 0x00000000a2d00000| Complete 
| 558|0x00000000a2e00000, 0x00000000a2f00000, 0x00000000a2f00000|100%| E|CS|TAMS 0x00000000a2e00000, 0x00000000a2e00000| Complete 
| 559|0x00000000a2f00000, 0x00000000a3000000, 0x00000000a3000000|100%| E|CS|TAMS 0x00000000a2f00000, 0x00000000a2f00000| Complete 
| 560|0x00000000a3000000, 0x00000000a3100000, 0x00000000a3100000|100%| E|CS|TAMS 0x00000000a3000000, 0x00000000a3000000| Complete 
| 561|0x00000000a3100000, 0x00000000a3200000, 0x00000000a3200000|100%| E|CS|TAMS 0x00000000a3100000, 0x00000000a3100000| Complete 
| 562|0x00000000a3200000, 0x00000000a3300000, 0x00000000a3300000|100%| E|CS|TAMS 0x00000000a3200000, 0x00000000a3200000| Complete 
| 563|0x00000000a3300000, 0x00000000a3400000, 0x00000000a3400000|100%| E|CS|TAMS 0x00000000a3300000, 0x00000000a3300000| Complete 
| 564|0x00000000a3400000, 0x00000000a3500000, 0x00000000a3500000|100%| E|CS|TAMS 0x00000000a3400000, 0x00000000a3400000| Complete 
| 565|0x00000000a3500000, 0x00000000a3600000, 0x00000000a3600000|100%| E|CS|TAMS 0x00000000a3500000, 0x00000000a3500000| Complete 
| 566|0x00000000a3600000, 0x00000000a3700000, 0x00000000a3700000|100%| E|CS|TAMS 0x00000000a3600000, 0x00000000a3600000| Complete 
| 567|0x00000000a3700000, 0x00000000a3800000, 0x00000000a3800000|100%| E|CS|TAMS 0x00000000a3700000, 0x00000000a3700000| Complete 
| 568|0x00000000a3800000, 0x00000000a3900000, 0x00000000a3900000|100%| E|CS|TAMS 0x00000000a3800000, 0x00000000a3800000| Complete 
| 569|0x00000000a3900000, 0x00000000a3a00000, 0x00000000a3a00000|100%| E|CS|TAMS 0x00000000a3900000, 0x00000000a3900000| Complete 
| 570|0x00000000a3a00000, 0x00000000a3b00000, 0x00000000a3b00000|100%| E|CS|TAMS 0x00000000a3a00000, 0x00000000a3a00000| Complete 
| 571|0x00000000a3b00000, 0x00000000a3c00000, 0x00000000a3c00000|100%| E|CS|TAMS 0x00000000a3b00000, 0x00000000a3b00000| Complete 
| 572|0x00000000a3c00000, 0x00000000a3d00000, 0x00000000a3d00000|100%| E|CS|TAMS 0x00000000a3c00000, 0x00000000a3c00000| Complete 
| 573|0x00000000a3d00000, 0x00000000a3e00000, 0x00000000a3e00000|100%| E|CS|TAMS 0x00000000a3d00000, 0x00000000a3d00000| Complete 
| 574|0x00000000a3e00000, 0x00000000a3f00000, 0x00000000a3f00000|100%| E|CS|TAMS 0x00000000a3e00000, 0x00000000a3e00000| Complete 
| 575|0x00000000a3f00000, 0x00000000a4000000, 0x00000000a4000000|100%| E|CS|TAMS 0x00000000a3f00000, 0x00000000a3f00000| Complete 
| 576|0x00000000a4000000, 0x00000000a4100000, 0x00000000a4100000|100%| E|CS|TAMS 0x00000000a4000000, 0x00000000a4000000| Complete 
| 577|0x00000000a4100000, 0x00000000a4200000, 0x00000000a4200000|100%| E|CS|TAMS 0x00000000a4100000, 0x00000000a4100000| Complete 
| 578|0x00000000a4200000, 0x00000000a4300000, 0x00000000a4300000|100%| E|CS|TAMS 0x00000000a4200000, 0x00000000a4200000| Complete 
| 579|0x00000000a4300000, 0x00000000a4400000, 0x00000000a4400000|100%| E|CS|TAMS 0x00000000a4300000, 0x00000000a4300000| Complete 
| 580|0x00000000a4400000, 0x00000000a4500000, 0x00000000a4500000|100%| E|CS|TAMS 0x00000000a4400000, 0x00000000a4400000| Complete 
| 581|0x00000000a4500000, 0x00000000a4600000, 0x00000000a4600000|100%| E|CS|TAMS 0x00000000a4500000, 0x00000000a4500000| Complete 
| 582|0x00000000a4600000, 0x00000000a4700000, 0x00000000a4700000|100%| E|CS|TAMS 0x00000000a4600000, 0x00000000a4600000| Complete 
| 583|0x00000000a4700000, 0x00000000a4800000, 0x00000000a4800000|100%| E|CS|TAMS 0x00000000a4700000, 0x00000000a4700000| Complete 
| 584|0x00000000a4800000, 0x00000000a4900000, 0x00000000a4900000|100%| E|CS|TAMS 0x00000000a4800000, 0x00000000a4800000| Complete 
| 585|0x00000000a4900000, 0x00000000a4a00000, 0x00000000a4a00000|100%| E|CS|TAMS 0x00000000a4900000, 0x00000000a4900000| Complete 
| 586|0x00000000a4a00000, 0x00000000a4b00000, 0x00000000a4b00000|100%| E|CS|TAMS 0x00000000a4a00000, 0x00000000a4a00000| Complete 
| 587|0x00000000a4b00000, 0x00000000a4c00000, 0x00000000a4c00000|100%| E|CS|TAMS 0x00000000a4b00000, 0x00000000a4b00000| Complete 
| 588|0x00000000a4c00000, 0x00000000a4d00000, 0x00000000a4d00000|100%| E|CS|TAMS 0x00000000a4c00000, 0x00000000a4c00000| Complete 
| 589|0x00000000a4d00000, 0x00000000a4e00000, 0x00000000a4e00000|100%| E|CS|TAMS 0x00000000a4d00000, 0x00000000a4d00000| Complete 
| 590|0x00000000a4e00000, 0x00000000a4f00000, 0x00000000a4f00000|100%| E|CS|TAMS 0x00000000a4e00000, 0x00000000a4e00000| Complete 
| 591|0x00000000a4f00000, 0x00000000a5000000, 0x00000000a5000000|100%| E|CS|TAMS 0x00000000a4f00000, 0x00000000a4f00000| Complete 
| 592|0x00000000a5000000, 0x00000000a5100000, 0x00000000a5100000|100%| E|CS|TAMS 0x00000000a5000000, 0x00000000a5000000| Complete 
| 593|0x00000000a5100000, 0x00000000a5200000, 0x00000000a5200000|100%| E|CS|TAMS 0x00000000a5100000, 0x00000000a5100000| Complete 
| 594|0x00000000a5200000, 0x00000000a5300000, 0x00000000a5300000|100%| E|CS|TAMS 0x00000000a5200000, 0x00000000a5200000| Complete 
| 595|0x00000000a5300000, 0x00000000a5400000, 0x00000000a5400000|100%| E|CS|TAMS 0x00000000a5300000, 0x00000000a5300000| Complete 
| 596|0x00000000a5400000, 0x00000000a5500000, 0x00000000a5500000|100%| E|CS|TAMS 0x00000000a5400000, 0x00000000a5400000| Complete 
| 597|0x00000000a5500000, 0x00000000a5600000, 0x00000000a5600000|100%| E|CS|TAMS 0x00000000a5500000, 0x00000000a5500000| Complete 
| 598|0x00000000a5600000, 0x00000000a5700000, 0x00000000a5700000|100%| E|CS|TAMS 0x00000000a5600000, 0x00000000a5600000| Complete 
| 599|0x00000000a5700000, 0x00000000a5800000, 0x00000000a5800000|100%| E|CS|TAMS 0x00000000a5700000, 0x00000000a5700000| Complete 
| 600|0x00000000a5800000, 0x00000000a5900000, 0x00000000a5900000|100%| E|CS|TAMS 0x00000000a5800000, 0x00000000a5800000| Complete 
| 601|0x00000000a5900000, 0x00000000a5a00000, 0x00000000a5a00000|100%| E|CS|TAMS 0x00000000a5900000, 0x00000000a5900000| Complete 
| 602|0x00000000a5a00000, 0x00000000a5b00000, 0x00000000a5b00000|100%| E|CS|TAMS 0x00000000a5a00000, 0x00000000a5a00000| Complete 
| 603|0x00000000a5b00000, 0x00000000a5c00000, 0x00000000a5c00000|100%| E|CS|TAMS 0x00000000a5b00000, 0x00000000a5b00000| Complete 
| 604|0x00000000a5c00000, 0x00000000a5d00000, 0x00000000a5d00000|100%| E|CS|TAMS 0x00000000a5c00000, 0x00000000a5c00000| Complete 
| 605|0x00000000a5d00000, 0x00000000a5e00000, 0x00000000a5e00000|100%| E|CS|TAMS 0x00000000a5d00000, 0x00000000a5d00000| Complete 
| 606|0x00000000a5e00000, 0x00000000a5f00000, 0x00000000a5f00000|100%| E|CS|TAMS 0x00000000a5e00000, 0x00000000a5e00000| Complete 
| 607|0x00000000a5f00000, 0x00000000a6000000, 0x00000000a6000000|100%| E|CS|TAMS 0x00000000a5f00000, 0x00000000a5f00000| Complete 
| 608|0x00000000a6000000, 0x00000000a6100000, 0x00000000a6100000|100%| E|CS|TAMS 0x00000000a6000000, 0x00000000a6000000| Complete 
| 609|0x00000000a6100000, 0x00000000a6200000, 0x00000000a6200000|100%| E|CS|TAMS 0x00000000a6100000, 0x00000000a6100000| Complete 
| 610|0x00000000a6200000, 0x00000000a6300000, 0x00000000a6300000|100%| E|CS|TAMS 0x00000000a6200000, 0x00000000a6200000| Complete 
| 611|0x00000000a6300000, 0x00000000a6400000, 0x00000000a6400000|100%| E|CS|TAMS 0x00000000a6300000, 0x00000000a6300000| Complete 
| 612|0x00000000a6400000, 0x00000000a6500000, 0x00000000a6500000|100%| E|CS|TAMS 0x00000000a6400000, 0x00000000a6400000| Complete 
| 613|0x00000000a6500000, 0x00000000a6600000, 0x00000000a6600000|100%| E|CS|TAMS 0x00000000a6500000, 0x00000000a6500000| Complete 
| 614|0x00000000a6600000, 0x00000000a6700000, 0x00000000a6700000|100%| E|CS|TAMS 0x00000000a6600000, 0x00000000a6600000| Complete 
| 615|0x00000000a6700000, 0x00000000a6800000, 0x00000000a6800000|100%| E|CS|TAMS 0x00000000a6700000, 0x00000000a6700000| Complete 
| 616|0x00000000a6800000, 0x00000000a6900000, 0x00000000a6900000|100%| E|CS|TAMS 0x00000000a6800000, 0x00000000a6800000| Complete 
| 617|0x00000000a6900000, 0x00000000a6a00000, 0x00000000a6a00000|100%| E|CS|TAMS 0x00000000a6900000, 0x00000000a6900000| Complete 
| 618|0x00000000a6a00000, 0x00000000a6b00000, 0x00000000a6b00000|100%| E|CS|TAMS 0x00000000a6a00000, 0x00000000a6a00000| Complete 
| 619|0x00000000a6b00000, 0x00000000a6c00000, 0x00000000a6c00000|100%| E|CS|TAMS 0x00000000a6b00000, 0x00000000a6b00000| Complete 
| 620|0x00000000a6c00000, 0x00000000a6d00000, 0x00000000a6d00000|100%| E|CS|TAMS 0x00000000a6c00000, 0x00000000a6c00000| Complete 
| 621|0x00000000a6d00000, 0x00000000a6e00000, 0x00000000a6e00000|100%| E|CS|TAMS 0x00000000a6d00000, 0x00000000a6d00000| Complete 
| 622|0x00000000a6e00000, 0x00000000a6f00000, 0x00000000a6f00000|100%| E|CS|TAMS 0x00000000a6e00000, 0x00000000a6e00000| Complete 
| 623|0x00000000a6f00000, 0x00000000a7000000, 0x00000000a7000000|100%| E|CS|TAMS 0x00000000a6f00000, 0x00000000a6f00000| Complete 
| 624|0x00000000a7000000, 0x00000000a7100000, 0x00000000a7100000|100%| E|CS|TAMS 0x00000000a7000000, 0x00000000a7000000| Complete 
| 625|0x00000000a7100000, 0x00000000a7200000, 0x00000000a7200000|100%| E|CS|TAMS 0x00000000a7100000, 0x00000000a7100000| Complete 
| 626|0x00000000a7200000, 0x00000000a7300000, 0x00000000a7300000|100%| E|CS|TAMS 0x00000000a7200000, 0x00000000a7200000| Complete 
| 627|0x00000000a7300000, 0x00000000a7400000, 0x00000000a7400000|100%| E|CS|TAMS 0x00000000a7300000, 0x00000000a7300000| Complete 
| 628|0x00000000a7400000, 0x00000000a7500000, 0x00000000a7500000|100%| E|CS|TAMS 0x00000000a7400000, 0x00000000a7400000| Complete 
| 629|0x00000000a7500000, 0x00000000a7600000, 0x00000000a7600000|100%| E|CS|TAMS 0x00000000a7500000, 0x00000000a7500000| Complete 
| 630|0x00000000a7600000, 0x00000000a7700000, 0x00000000a7700000|100%| E|CS|TAMS 0x00000000a7600000, 0x00000000a7600000| Complete 
| 631|0x00000000a7700000, 0x00000000a7800000, 0x00000000a7800000|100%| E|CS|TAMS 0x00000000a7700000, 0x00000000a7700000| Complete 
| 632|0x00000000a7800000, 0x00000000a7900000, 0x00000000a7900000|100%| E|CS|TAMS 0x00000000a7800000, 0x00000000a7800000| Complete 
| 633|0x00000000a7900000, 0x00000000a7a00000, 0x00000000a7a00000|100%| E|CS|TAMS 0x00000000a7900000, 0x00000000a7900000| Complete 
| 634|0x00000000a7a00000, 0x00000000a7b00000, 0x00000000a7b00000|100%| E|CS|TAMS 0x00000000a7a00000, 0x00000000a7a00000| Complete 
| 635|0x00000000a7b00000, 0x00000000a7c00000, 0x00000000a7c00000|100%| E|CS|TAMS 0x00000000a7b00000, 0x00000000a7b00000| Complete 
| 636|0x00000000a7c00000, 0x00000000a7d00000, 0x00000000a7d00000|100%| E|CS|TAMS 0x00000000a7c00000, 0x00000000a7c00000| Complete 
| 637|0x00000000a7d00000, 0x00000000a7e00000, 0x00000000a7e00000|100%| E|CS|TAMS 0x00000000a7d00000, 0x00000000a7d00000| Complete 
| 638|0x00000000a7e00000, 0x00000000a7f00000, 0x00000000a7f00000|100%| E|CS|TAMS 0x00000000a7e00000, 0x00000000a7e00000| Complete 
| 639|0x00000000a7f00000, 0x00000000a8000000, 0x00000000a8000000|100%| E|CS|TAMS 0x00000000a7f00000, 0x00000000a7f00000| Complete 
| 640|0x00000000a8000000, 0x00000000a8100000, 0x00000000a8100000|100%| E|CS|TAMS 0x00000000a8000000, 0x00000000a8000000| Complete 
| 641|0x00000000a8100000, 0x00000000a8200000, 0x00000000a8200000|100%| E|CS|TAMS 0x00000000a8100000, 0x00000000a8100000| Complete 
| 642|0x00000000a8200000, 0x00000000a8300000, 0x00000000a8300000|100%| E|CS|TAMS 0x00000000a8200000, 0x00000000a8200000| Complete 
| 643|0x00000000a8300000, 0x00000000a8400000, 0x00000000a8400000|100%| E|CS|TAMS 0x00000000a8300000, 0x00000000a8300000| Complete 
| 644|0x00000000a8400000, 0x00000000a8500000, 0x00000000a8500000|100%| E|CS|TAMS 0x00000000a8400000, 0x00000000a8400000| Complete 
| 645|0x00000000a8500000, 0x00000000a8600000, 0x00000000a8600000|100%| E|CS|TAMS 0x00000000a8500000, 0x00000000a8500000| Complete 
| 646|0x00000000a8600000, 0x00000000a8700000, 0x00000000a8700000|100%| E|CS|TAMS 0x00000000a8600000, 0x00000000a8600000| Complete 
| 647|0x00000000a8700000, 0x00000000a8800000, 0x00000000a8800000|100%| E|CS|TAMS 0x00000000a8700000, 0x00000000a8700000| Complete 
| 648|0x00000000a8800000, 0x00000000a8900000, 0x00000000a8900000|100%| E|CS|TAMS 0x00000000a8800000, 0x00000000a8800000| Complete 
| 649|0x00000000a8900000, 0x00000000a8a00000, 0x00000000a8a00000|100%| E|CS|TAMS 0x00000000a8900000, 0x00000000a8900000| Complete 
| 650|0x00000000a8a00000, 0x00000000a8b00000, 0x00000000a8b00000|100%| E|CS|TAMS 0x00000000a8a00000, 0x00000000a8a00000| Complete 
| 651|0x00000000a8b00000, 0x00000000a8c00000, 0x00000000a8c00000|100%| E|CS|TAMS 0x00000000a8b00000, 0x00000000a8b00000| Complete 
| 652|0x00000000a8c00000, 0x00000000a8d00000, 0x00000000a8d00000|100%| E|CS|TAMS 0x00000000a8c00000, 0x00000000a8c00000| Complete 
| 653|0x00000000a8d00000, 0x00000000a8e00000, 0x00000000a8e00000|100%| E|CS|TAMS 0x00000000a8d00000, 0x00000000a8d00000| Complete 
| 654|0x00000000a8e00000, 0x00000000a8f00000, 0x00000000a8f00000|100%| E|CS|TAMS 0x00000000a8e00000, 0x00000000a8e00000| Complete 

Card table byte_map: [0x000001f76d020000,0x000001f76d420000] _byte_map_base: 0x000001f76cc20000

Marking Bits (Prev, Next): (CMBitMap*) 0x000001f755dcdcb0, (CMBitMap*) 0x000001f755dcdc70
 Prev Bits: [0x000001f76f820000, 0x000001f771820000)
 Next Bits: [0x000001f76d820000, 0x000001f76f820000)

Polling page: 0x000001f753c30000

Metaspace:

Usage:
  Non-class:    122.34 MB used.
      Class:     18.54 MB used.
       Both:    140.88 MB used.

Virtual space:
  Non-class space:      128.00 MB reserved,     122.94 MB ( 96%) committed,  2 nodes.
      Class space:        1.00 GB reserved,      19.12 MB (  2%) committed,  1 nodes.
             Both:        1.12 GB reserved,     142.06 MB ( 12%) committed. 

Chunk freelists:
   Non-Class:  4.89 MB
       Class:  12.76 MB
        Both:  17.65 MB

MaxMetaspaceSize: unlimited
CompressedClassSpaceSize: 1.00 GB
Initial GC threshold: 21.00 MB
Current GC threshold: 199.81 MB
CDS: on
MetaspaceReclaimPolicy: balanced
 - commit_granule_bytes: 65536.
 - commit_granule_words: 8192.
 - virtual_space_node_default_size: 8388608.
 - enlarge_chunks_in_place: 1.
 - new_chunks_are_fully_committed: 0.
 - uncommit_free_chunks: 1.
 - use_allocation_guard: 0.
 - handle_deallocations: 1.


Internal statistics:

num_allocs_failed_limit: 9.
num_arena_births: 1998.
num_arena_deaths: 0.
num_vsnodes_births: 3.
num_vsnodes_deaths: 0.
num_space_committed: 2271.
num_space_uncommitted: 0.
num_chunks_returned_to_freelist: 9.
num_chunks_taken_from_freelist: 8197.
num_chunk_merges: 9.
num_chunk_splits: 5316.
num_chunks_enlarged: 3370.
num_inconsistent_stats: 0.

CodeHeap 'non-profiled nmethods': size=120000Kb used=26118Kb max_used=26118Kb free=93881Kb
 bounds [0x000001f7653c0000, 0x000001f766d50000, 0x000001f76c8f0000]
CodeHeap 'profiled nmethods': size=120000Kb used=50092Kb max_used=50092Kb free=69907Kb
 bounds [0x000001f75d8f0000, 0x000001f7609f0000, 0x000001f764e20000]
CodeHeap 'non-nmethods': size=5760Kb used=2578Kb max_used=2761Kb free=3182Kb
 bounds [0x000001f764e20000, 0x000001f7650e0000, 0x000001f7653c0000]
 total_blobs=26312 nmethods=25188 adapters=1033
 compilation: enabled
              stopped_count=0, restarted_count=0
 full_count=0

Compilation events (20 events):
Event: 1593.814 Thread 0x000001f7424eeaf0 nmethod 34528 0x000001f766d1b110 code [0x000001f766d1b2a0, 0x000001f766d1b4b8]
Event: 1593.815 Thread 0x000001f7424eeaf0 34419       4       org.jetbrains.org.objectweb.asm.ClassVisitor::visitField (24 bytes)
Event: 1593.815 Thread 0x000001f7424eeaf0 nmethod 34419 0x000001f766d1b590 code [0x000001f766d1b720, 0x000001f766d1b7d8]
Event: 1593.815 Thread 0x000001f7424eeaf0 34461       4       java.io.ObjectOutputStream$BlockDataOutputStream::writeInt (46 bytes)
Event: 1593.819 Thread 0x000001f7424eeaf0 nmethod 34461 0x000001f766d1b890 code [0x000001f766d1ba20, 0x000001f766d1bc38]
Event: 1593.819 Thread 0x000001f7424eeaf0 34552       4       org.jetbrains.org.objectweb.asm.AnnotationVisitor::<init> (94 bytes)
Event: 1593.822 Thread 0x000001f7424eeaf0 nmethod 34552 0x000001f766d1be10 code [0x000001f766d1bfa0, 0x000001f766d1c1b8]
Event: 1593.822 Thread 0x000001f7424eeaf0 34509       4       org.jetbrains.org.objectweb.asm.FieldVisitor::<init> (94 bytes)
Event: 1593.824 Thread 0x000001f7424eeaf0 nmethod 34509 0x000001f766d1c290 code [0x000001f766d1c420, 0x000001f766d1c638]
Event: 1593.825 Thread 0x000001f7424eeaf0 34550   !   4       java.nio.file.FileTreeWalker::next (144 bytes)
Event: 1593.925 Thread 0x000001f7743aca70 34574   !   2       org.gradle.execution.plan.DefaultPlanExecutor$ExecutorWorker::lambda$getNextItem$1 (177 bytes)
Event: 1593.927 Thread 0x000001f7743aca70 nmethod 34574 0x000001f76084e890 code [0x000001f76084ecc0, 0x000001f760850258]
Event: 1593.928 Thread 0x000001f7743aca70 34575       2       org.gradle.execution.plan.DefaultPlanExecutor$ExecutorState$WorkerState::finishWaitingForNextItem (34 bytes)
Event: 1593.928 Thread 0x000001f7743aca70 nmethod 34575 0x000001f76084e390 code [0x000001f76084e540, 0x000001f76084e788]
Event: 1594.080 Thread 0x000001f742e44510 nmethod 34436 0x000001f766d1c710 code [0x000001f766d1cce0, 0x000001f766d24b00]
Event: 1594.081 Thread 0x000001f742e44510 34576       4       org.jetbrains.org.objectweb.asm.ClassReader::readMethod (1061 bytes)
Event: 1594.181 Thread 0x000001f7424eeaf0 nmethod 34550 0x000001f766d29710 code [0x000001f766d29cc0, 0x000001f766d30c00]
Event: 1594.182 Thread 0x000001f7424eeaf0 34547       4       org.jetbrains.org.objectweb.asm.Type::getReturnTypeOffset (64 bytes)
Event: 1594.201 Thread 0x000001f7424eeaf0 nmethod 34547 0x000001f766d33c90 code [0x000001f766d33e40, 0x000001f766d34468]
Event: 1594.201 Thread 0x000001f7424eeaf0 34548       4       org.jetbrains.kotlin.gradle.internal.kapt.incremental.ClassTypeExtractorVisitor::visitMethod (159 bytes)

GC Heap History (20 events):
Event: 1583.558 GC heap before
{Heap before GC invocations=172 (full 0):
 garbage-first heap   total 670720K, used 586051K [0x0000000080000000, 0x0000000100000000)
  region size 1024K, 209 young (214016K), 10 survivors (10240K)
 Metaspace       used 144105K, committed 145344K, reserved 1179648K
  class space    used 18977K, committed 19584K, reserved 1048576K
}
Event: 1583.567 GC heap after
{Heap after GC invocations=173 (full 0):
 garbage-first heap   total 670720K, used 381481K [0x0000000080000000, 0x0000000100000000)
  region size 1024K, 10 young (10240K), 10 survivors (10240K)
 Metaspace       used 144105K, committed 145344K, reserved 1179648K
  class space    used 18977K, committed 19584K, reserved 1048576K
}
Event: 1584.528 GC heap before
{Heap before GC invocations=173 (full 0):
 garbage-first heap   total 670720K, used 588329K [0x0000000080000000, 0x0000000100000000)
  region size 1024K, 212 young (217088K), 10 survivors (10240K)
 Metaspace       used 144109K, committed 145344K, reserved 1179648K
  class space    used 18977K, committed 19584K, reserved 1048576K
}
Event: 1584.537 GC heap after
{Heap after GC invocations=174 (full 0):
 garbage-first heap   total 670720K, used 382506K [0x0000000080000000, 0x0000000100000000)
  region size 1024K, 11 young (11264K), 11 survivors (11264K)
 Metaspace       used 144109K, committed 145344K, reserved 1179648K
  class space    used 18977K, committed 19584K, reserved 1048576K
}
Event: 1585.484 GC heap before
{Heap before GC invocations=174 (full 0):
 garbage-first heap   total 670720K, used 590378K [0x0000000080000000, 0x0000000100000000)
  region size 1024K, 214 young (219136K), 11 survivors (11264K)
 Metaspace       used 144109K, committed 145344K, reserved 1179648K
  class space    used 18977K, committed 19584K, reserved 1048576K
}
Event: 1585.494 GC heap after
{Heap after GC invocations=175 (full 0):
 garbage-first heap   total 670720K, used 383568K [0x0000000080000000, 0x0000000100000000)
  region size 1024K, 12 young (12288K), 12 survivors (12288K)
 Metaspace       used 144109K, committed 145344K, reserved 1179648K
  class space    used 18977K, committed 19584K, reserved 1048576K
}
Event: 1586.408 GC heap before
{Heap before GC invocations=175 (full 0):
 garbage-first heap   total 670720K, used 589392K [0x0000000080000000, 0x0000000100000000)
  region size 1024K, 213 young (218112K), 12 survivors (12288K)
 Metaspace       used 144109K, committed 145344K, reserved 1179648K
  class space    used 18977K, committed 19584K, reserved 1048576K
}
Event: 1586.419 GC heap after
{Heap after GC invocations=176 (full 0):
 garbage-first heap   total 670720K, used 384641K [0x0000000080000000, 0x0000000100000000)
  region size 1024K, 13 young (13312K), 13 survivors (13312K)
 Metaspace       used 144109K, committed 145344K, reserved 1179648K
  class space    used 18977K, committed 19584K, reserved 1048576K
}
Event: 1587.506 GC heap before
{Heap before GC invocations=176 (full 0):
 garbage-first heap   total 670720K, used 588417K [0x0000000080000000, 0x0000000100000000)
  region size 1024K, 212 young (217088K), 13 survivors (13312K)
 Metaspace       used 144110K, committed 145344K, reserved 1179648K
  class space    used 18977K, committed 19584K, reserved 1048576K
}
Event: 1587.522 GC heap after
{Heap after GC invocations=177 (full 0):
 garbage-first heap   total 670720K, used 385143K [0x0000000080000000, 0x0000000100000000)
  region size 1024K, 13 young (13312K), 13 survivors (13312K)
 Metaspace       used 144110K, committed 145344K, reserved 1179648K
  class space    used 18977K, committed 19584K, reserved 1048576K
}
Event: 1589.096 GC heap before
{Heap before GC invocations=177 (full 0):
 garbage-first heap   total 670720K, used 588919K [0x0000000080000000, 0x0000000100000000)
  region size 1024K, 212 young (217088K), 13 survivors (13312K)
 Metaspace       used 144111K, committed 145344K, reserved 1179648K
  class space    used 18977K, committed 19584K, reserved 1048576K
}
Event: 1589.112 GC heap after
{Heap after GC invocations=178 (full 0):
 garbage-first heap   total 670720K, used 386782K [0x0000000080000000, 0x0000000100000000)
  region size 1024K, 15 young (15360K), 15 survivors (15360K)
 Metaspace       used 144111K, committed 145344K, reserved 1179648K
  class space    used 18977K, committed 19584K, reserved 1048576K
}
Event: 1590.788 GC heap before
{Heap before GC invocations=178 (full 0):
 garbage-first heap   total 670720K, used 586462K [0x0000000080000000, 0x0000000100000000)
  region size 1024K, 210 young (215040K), 15 survivors (15360K)
 Metaspace       used 144111K, committed 145344K, reserved 1179648K
  class space    used 18977K, committed 19584K, reserved 1048576K
}
Event: 1590.809 GC heap after
{Heap after GC invocations=179 (full 0):
 garbage-first heap   total 670720K, used 387521K [0x0000000080000000, 0x0000000100000000)
  region size 1024K, 16 young (16384K), 16 survivors (16384K)
 Metaspace       used 144111K, committed 145344K, reserved 1179648K
  class space    used 18977K, committed 19584K, reserved 1048576K
}
Event: 1592.987 GC heap before
{Heap before GC invocations=179 (full 0):
 garbage-first heap   total 670720K, used 592321K [0x0000000080000000, 0x0000000100000000)
  region size 1024K, 209 young (214016K), 16 survivors (16384K)
 Metaspace       used 144237K, committed 145472K, reserved 1179648K
  class space    used 18986K, committed 19584K, reserved 1048576K
}
Event: 1593.003 GC heap after
{Heap after GC invocations=180 (full 0):
 garbage-first heap   total 670720K, used 384859K [0x0000000080000000, 0x0000000100000000)
  region size 1024K, 7 young (7168K), 7 survivors (7168K)
 Metaspace       used 144237K, committed 145472K, reserved 1179648K
  class space    used 18986K, committed 19584K, reserved 1048576K
}
Event: 1593.585 GC heap before
{Heap before GC invocations=180 (full 0):
 garbage-first heap   total 670720K, used 592731K [0x0000000080000000, 0x0000000100000000)
  region size 1024K, 211 young (216064K), 7 survivors (7168K)
 Metaspace       used 144260K, committed 145472K, reserved 1179648K
  class space    used 18987K, committed 19584K, reserved 1048576K
}
Event: 1593.605 GC heap after
{Heap after GC invocations=181 (full 0):
 garbage-first heap   total 670720K, used 385532K [0x0000000080000000, 0x0000000100000000)
  region size 1024K, 7 young (7168K), 7 survivors (7168K)
 Metaspace       used 144260K, committed 145472K, reserved 1179648K
  class space    used 18987K, committed 19584K, reserved 1048576K
}
Event: 1593.954 GC heap before
{Heap before GC invocations=181 (full 0):
 garbage-first heap   total 670720K, used 596476K [0x0000000080000000, 0x0000000100000000)
  region size 1024K, 210 young (215040K), 7 survivors (7168K)
 Metaspace       used 144260K, committed 145472K, reserved 1179648K
  class space    used 18987K, committed 19584K, reserved 1048576K
}
Event: 1593.969 GC heap after
{Heap after GC invocations=182 (full 0):
 garbage-first heap   total 670720K, used 388947K [0x0000000080000000, 0x0000000100000000)
  region size 1024K, 9 young (9216K), 9 survivors (9216K)
 Metaspace       used 144260K, committed 145472K, reserved 1179648K
  class space    used 18987K, committed 19584K, reserved 1048576K
}

Dll operation events (17 events):
Event: 0.067 Loaded shared library C:\Users\chris\.jdks\ms-17.0.18\bin\java.dll
Event: 0.149 Loaded shared library C:\Users\chris\.jdks\ms-17.0.18\bin\jsvml.dll
Event: 0.614 Loaded shared library C:\Users\chris\.jdks\ms-17.0.18\bin\zip.dll
Event: 0.617 Loaded shared library C:\Users\chris\.jdks\ms-17.0.18\bin\instrument.dll
Event: 0.624 Loaded shared library C:\Users\chris\.jdks\ms-17.0.18\bin\net.dll
Event: 0.627 Loaded shared library C:\Users\chris\.jdks\ms-17.0.18\bin\nio.dll
Event: 0.633 Loaded shared library C:\Users\chris\.jdks\ms-17.0.18\bin\zip.dll
Event: 2.116 Loaded shared library C:\Users\chris\.jdks\ms-17.0.18\bin\jimage.dll
Event: 2.456 Loaded shared library C:\Users\chris\.jdks\ms-17.0.18\bin\verify.dll
Event: 4.181 Loaded shared library D:\.gradle\native\68d5fa5c4cc2d200863cafc0d521ce42e7d3e7ee720ec0a83991735586a16f82\windows-amd64\native-platform.dll
Event: 4.567 Loaded shared library D:\.gradle\native\e376f236ea51e6404a007f0833ffe2c6e607c4080706a723a18a27aeea778392\windows-amd64\native-platform-file-events.dll
Event: 7.680 Loaded shared library C:\Users\chris\.jdks\ms-17.0.18\bin\management.dll
Event: 7.686 Loaded shared library C:\Users\chris\.jdks\ms-17.0.18\bin\management_ext.dll
Event: 9.003 Loaded shared library C:\Users\chris\.jdks\ms-17.0.18\bin\extnet.dll
Event: 9.301 Loaded shared library C:\Users\chris\.jdks\ms-17.0.18\bin\sunmscapi.dll
Event: 1530.711 Loaded shared library C:\Users\chris\AppData\Local\Temp\native-platform9620522483211803824dir\native-platform.dll
Event: 1531.565 Loaded shared library C:\Users\chris\.jdks\ms-17.0.18\bin\rmi.dll

Deoptimization events (20 events):
Event: 1592.785 Thread 0x000001f774834350 DEOPT PACKING pc=0x000001f766319a50 sp=0x000000565c2fb650
Event: 1592.785 Thread 0x000001f774834350 DEOPT UNPACKING pc=0x000001f764e769a3 sp=0x000000565c2fb650 mode 2
Event: 1592.833 Thread 0x000001f774836bd0 DEOPT PACKING pc=0x000001f75f573905 sp=0x000000565c3fa860
Event: 1592.833 Thread 0x000001f774836bd0 DEOPT UNPACKING pc=0x000001f764e77143 sp=0x000000565c3f9cf8 mode 0
Event: 1592.852 Thread 0x000001f7748324f0 DEOPT PACKING pc=0x000001f76023afd3 sp=0x000000565cafb570
Event: 1592.852 Thread 0x000001f7748324f0 DEOPT UNPACKING pc=0x000001f764e77143 sp=0x000000565cafaa98 mode 0
Event: 1592.926 Thread 0x000001f774839960 DEOPT PACKING pc=0x000001f75fd44f90 sp=0x000000565c9fb1e0
Event: 1592.926 Thread 0x000001f774839960 DEOPT UNPACKING pc=0x000001f764e77143 sp=0x000000565c9fa750 mode 0
Event: 1593.048 Thread 0x000001f774834860 DEOPT PACKING pc=0x000001f75f573905 sp=0x000000565c5faab0
Event: 1593.048 Thread 0x000001f774834860 DEOPT UNPACKING pc=0x000001f764e77143 sp=0x000000565c5f9f48 mode 0
Event: 1593.221 Thread 0x000001f774834350 DEOPT PACKING pc=0x000001f75f573905 sp=0x000000565c2fb140
Event: 1593.221 Thread 0x000001f774834350 DEOPT UNPACKING pc=0x000001f764e77143 sp=0x000000565c2fa5d8 mode 0
Event: 1593.734 Thread 0x000001f774831fe0 DEOPT PACKING pc=0x000001f75f573905 sp=0x000000565c0fad90
Event: 1593.734 Thread 0x000001f774831fe0 DEOPT UNPACKING pc=0x000001f764e77143 sp=0x000000565c0fa228 mode 0
Event: 1593.753 Thread 0x000001f7748324f0 DEOPT PACKING pc=0x000001f75fd44f90 sp=0x000000565cafb0f0
Event: 1593.753 Thread 0x000001f7748324f0 DEOPT UNPACKING pc=0x000001f764e77143 sp=0x000000565cafa660 mode 0
Event: 1593.758 Thread 0x000001f774836bd0 Uncommon trap: trap_request=0xffffff45 fr.pc=0x000001f766d10e74 relative=0x0000000000007154
Event: 1593.759 Thread 0x000001f774836bd0 Uncommon trap: reason=unstable_if action=reinterpret pc=0x000001f766d10e74 method=org.jetbrains.org.objectweb.asm.ClassReader.readMethod(Lorg/jetbrains/org/objectweb/asm/ClassVisitor;Lorg/jetbrains/org/objectweb/asm/Context;I)I @ 604 c2
Event: 1593.759 Thread 0x000001f774836bd0 DEOPT PACKING pc=0x000001f766d10e74 sp=0x000000565c3fb150
Event: 1593.759 Thread 0x000001f774836bd0 DEOPT UNPACKING pc=0x000001f764e769a3 sp=0x000000565c3fb188 mode 2

Classes loaded (20 events):
Event: 1540.212 Loading class java/util/stream/SliceOps
Event: 1540.213 Loading class java/util/stream/SliceOps done
Event: 1540.214 Loading class java/util/stream/SliceOps$1
Event: 1540.214 Loading class java/util/stream/SliceOps$1 done
Event: 1540.222 Loading class java/util/stream/SliceOps$1$1
Event: 1540.222 Loading class java/util/stream/SliceOps$1$1 done
Event: 1540.542 Loading class java/util/AbstractList$SubList
Event: 1540.543 Loading class java/util/AbstractList$SubList done
Event: 1540.543 Loading class java/util/AbstractList$SubList$1
Event: 1540.543 Loading class java/util/AbstractList$SubList$1 done
Event: 1541.604 Loading class java/util/IdentityHashMap$EntrySet
Event: 1541.604 Loading class java/util/IdentityHashMap$EntrySet done
Event: 1543.431 Loading class java/nio/ShortBuffer
Event: 1543.431 Loading class java/nio/ShortBuffer done
Event: 1544.408 Loading class java/nio/ByteBufferAsShortBufferL
Event: 1544.409 Loading class java/nio/ByteBufferAsShortBufferL done
Event: 1544.779 Loading class java/util/zip/Adler32
Event: 1544.780 Loading class java/util/zip/Adler32 done
Event: 1592.761 Loading class jdk/internal/reflect/UnsafeQualifiedStaticIntegerFieldAccessorImpl
Event: 1592.761 Loading class jdk/internal/reflect/UnsafeQualifiedStaticIntegerFieldAccessorImpl done

Classes unloaded (0 events):
No events

Classes redefined (0 events):
No events

Internal exceptions (20 events):
Event: 1577.678 Thread 0x000001f7421c9510 Exception <a 'sun/nio/fs/WindowsException'{0x0000000099185698}> (0x0000000099185698) 
thrown [s\src\hotspot\share\prims\jni.cpp, line 516]
Event: 1577.779 Thread 0x000001f774835280 Exception <a 'sun/nio/fs/WindowsException'{0x00000000a31d8b80}> (0x00000000a31d8b80) 
thrown [s\src\hotspot\share\prims\jni.cpp, line 516]
Event: 1577.889 Thread 0x000001f7748366c0 Exception <a 'sun/nio/fs/WindowsException'{0x00000000a0ffbfb0}> (0x00000000a0ffbfb0) 
thrown [s\src\hotspot\share\prims\jni.cpp, line 516]
Event: 1577.963 Thread 0x000001f7421c9510 Exception <a 'sun/nio/fs/WindowsException'{0x000000009fb0b510}> (0x000000009fb0b510) 
thrown [s\src\hotspot\share\prims\jni.cpp, line 516]
Event: 1577.969 Thread 0x000001f774833e40 Exception <a 'sun/nio/fs/WindowsException'{0x000000009f220098}> (0x000000009f220098) 
thrown [s\src\hotspot\share\prims\jni.cpp, line 516]
Event: 1578.012 Thread 0x000001f774833e40 Exception <a 'sun/nio/fs/WindowsException'{0x000000009e348330}> (0x000000009e348330) 
thrown [s\src\hotspot\share\prims\jni.cpp, line 516]
Event: 1578.027 Thread 0x000001f774832f10 Exception <a 'sun/nio/fs/WindowsException'{0x000000009dfa8880}> (0x000000009dfa8880) 
thrown [s\src\hotspot\share\prims\jni.cpp, line 516]
Event: 1580.112 Thread 0x000001f7748375f0 Exception <a 'sun/nio/fs/WindowsException'{0x00000000a3b09ec0}> (0x00000000a3b09ec0) 
thrown [s\src\hotspot\share\prims\jni.cpp, line 516]
Event: 1580.785 Thread 0x000001f7748361b0 Exception <a 'sun/nio/fs/WindowsException'{0x00000000a5194ce0}> (0x00000000a5194ce0) 
thrown [s\src\hotspot\share\prims\jni.cpp, line 516]
Event: 1580.805 Thread 0x000001f7421c9510 Exception <a 'sun/nio/fs/WindowsException'{0x00000000a41d8ed0}> (0x00000000a41d8ed0) 
thrown [s\src\hotspot\share\prims\jni.cpp, line 516]
Event: 1580.848 Thread 0x000001f774832f10 Exception <a 'sun/nio/fs/WindowsException'{0x00000000a2c413e8}> (0x00000000a2c413e8) 
thrown [s\src\hotspot\share\prims\jni.cpp, line 516]
Event: 1581.027 Thread 0x000001f7748361b0 Exception <a 'sun/nio/fs/WindowsException'{0x000000009eaecf40}> (0x000000009eaecf40) 
thrown [s\src\hotspot\share\prims\jni.cpp, line 516]
Event: 1581.165 Thread 0x000001f7748361b0 Exception <a 'sun/nio/fs/WindowsException'{0x00000000a52689f8}> (0x00000000a52689f8) 
thrown [s\src\hotspot\share\prims\jni.cpp, line 516]
Event: 1581.236 Thread 0x000001f7748366c0 Exception <a 'sun/nio/fs/WindowsException'{0x00000000a250c890}> (0x00000000a250c890) 
thrown [s\src\hotspot\share\prims\jni.cpp, line 516]
Event: 1581.288 Thread 0x000001f774833420 Exception <a 'sun/nio/fs/WindowsException'{0x00000000a1852678}> (0x00000000a1852678) 
thrown [s\src\hotspot\share\prims\jni.cpp, line 516]
Event: 1583.260 Thread 0x000001f774833e40 Exception <a 'sun/nio/fs/WindowsException'{0x00000000a070f0a8}> (0x00000000a070f0a8) 
thrown [s\src\hotspot\share\prims\jni.cpp, line 516]
Event: 1592.172 Thread 0x000001f774835280 Exception <a 'sun/nio/fs/WindowsException'{0x00000000a3c7d0b0}> (0x00000000a3c7d0b0) 
thrown [s\src\hotspot\share\prims\jni.cpp, line 516]
Event: 1592.771 Thread 0x000001f774831fe0 Implicit null exception at 0x000001f76620d380 to 0x000001f76620db75
Event: 1592.771 Thread 0x000001f774834860 Implicit null exception at 0x000001f76620d380 to 0x000001f76620db75
Event: 1592.775 Thread 0x000001f7748324f0 Exception <a 'java/lang/NoSuchMethodError'{0x00000000a37b3cd8}: static Lorg/jetbrains/kotlin/gradle/internal/kapt/incremental/ClasspathEntryData;.<clinit>()V> (0x00000000a37b3cd8) 
thrown [s\src\hotspot\share\prims\jni.cpp, line 1112]

VM Operations (20 events):
Event: 1588.523 Executing VM operation: Cleanup
Event: 1588.523 Executing VM operation: Cleanup done
Event: 1589.096 Executing VM operation: G1CollectForAllocation
Event: 1589.112 Executing VM operation: G1CollectForAllocation done
Event: 1589.704 Executing VM operation: ICBufferFull
Event: 1589.704 Executing VM operation: ICBufferFull done
Event: 1590.788 Executing VM operation: G1CollectForAllocation
Event: 1590.809 Executing VM operation: G1CollectForAllocation done
Event: 1592.201 Executing VM operation: HandshakeAllThreads
Event: 1592.202 Executing VM operation: HandshakeAllThreads done
Event: 1592.202 Executing VM operation: Cleanup
Event: 1592.202 Executing VM operation: Cleanup done
Event: 1592.264 Executing VM operation: ICBufferFull
Event: 1592.264 Executing VM operation: ICBufferFull done
Event: 1592.987 Executing VM operation: G1CollectForAllocation
Event: 1593.003 Executing VM operation: G1CollectForAllocation done
Event: 1593.585 Executing VM operation: G1CollectForAllocation
Event: 1593.605 Executing VM operation: G1CollectForAllocation done
Event: 1593.954 Executing VM operation: G1CollectForAllocation
Event: 1593.969 Executing VM operation: G1CollectForAllocation done

Memory protections (0 events):
No events

Nmethod flushes (20 events):
Event: 1582.263 Thread 0x000001f7743aefa0 flushing  nmethod 0x000001f75feb4110
Event: 1582.263 Thread 0x000001f7743aefa0 flushing  nmethod 0x000001f75fee7f10
Event: 1582.263 Thread 0x000001f7743aefa0 flushing  nmethod 0x000001f75ff48310
Event: 1582.265 Thread 0x000001f7743aefa0 flushing osr nmethod 0x000001f7600b4c90
Event: 1582.265 Thread 0x000001f7743aefa0 flushing  nmethod 0x000001f7601b0310
Event: 1582.265 Thread 0x000001f7743aefa0 flushing  nmethod 0x000001f7601b0710
Event: 1582.266 Thread 0x000001f7743aefa0 flushing  nmethod 0x000001f760231910
Event: 1582.266 Thread 0x000001f7743aefa0 flushing  nmethod 0x000001f760250c10
Event: 1582.266 Thread 0x000001f7743aefa0 flushing  nmethod 0x000001f7602b2310
Event: 1582.266 Thread 0x000001f7743aefa0 flushing  nmethod 0x000001f7602ef090
Event: 1582.267 Thread 0x000001f7743aefa0 flushing  nmethod 0x000001f76035d690
Event: 1582.268 Thread 0x000001f7743aefa0 flushing  nmethod 0x000001f7603efb90
Event: 1582.268 Thread 0x000001f7743aefa0 flushing  nmethod 0x000001f76043be90
Event: 1582.269 Thread 0x000001f7743aefa0 flushing  nmethod 0x000001f760518410
Event: 1582.270 Thread 0x000001f7743aefa0 flushing  nmethod 0x000001f760580990
Event: 1582.270 Thread 0x000001f7743aefa0 flushing  nmethod 0x000001f760580e90
Event: 1582.271 Thread 0x000001f7743aefa0 flushing  nmethod 0x000001f760703410
Event: 1582.273 Thread 0x000001f7743aefa0 flushing  nmethod 0x000001f760939010
Event: 1592.216 Thread 0x000001f7743aefa0 flushing  nmethod 0x000001f766964790
Event: 1592.263 Thread 0x000001f7743aefa0 flushing  nmethod 0x000001f760513c10

Events (20 events):
Event: 1530.367 Thread 0x000001f7743aca70 Thread added: 0x000001f74917c410
Event: 1530.488 Thread 0x000001f7421c6780 Thread added: 0x000001f7421d5620
Event: 1530.507 Thread 0x000001f7743aca70 Thread added: 0x000001f749179990
Event: 1530.725 Thread 0x000001f7421d5620 Thread added: 0x000001f741f38500
Event: 1530.818 Thread 0x000001f749179990 Thread exited: 0x000001f749179990
Event: 1531.458 Thread 0x000001f741f38500 Thread exited: 0x000001f741f38500
Event: 1531.556 Thread 0x000001f7421d5620 Thread added: 0x000001f77d605350
Event: 1531.563 Thread 0x000001f7421d5620 Thread added: 0x000001f77df15d30
Event: 1531.566 Thread 0x000001f7421d5620 Thread added: 0x000001f741d77ab0
Event: 1531.642 Thread 0x000001f7421d5620 Thread added: 0x000001f741d77fc0
Event: 1531.643 Thread 0x000001f7421d5620 Thread added: 0x000001f741d775a0
Event: 1531.709 Thread 0x000001f774340980 Thread added: 0x000001f742e43a70
Event: 1531.749 Thread 0x000001f741d77fc0 Thread added: 0x000001f741d79910
Event: 1533.284 Thread 0x000001f742e43a70 Thread exited: 0x000001f742e43a70
Event: 1533.294 Thread 0x000001f74917c410 Thread exited: 0x000001f74917c410
Event: 1533.372 Thread 0x000001f7743aca70 Thread added: 0x000001f742e43a70
Event: 1534.320 Thread 0x000001f742e43a70 Thread exited: 0x000001f742e43a70
Event: 1534.462 Thread 0x000001f7743aca70 Thread added: 0x000001f742e44510
Event: 1534.535 Thread 0x000001f774340980 Thread added: 0x000001f7424eeaf0
Event: 1563.139 Thread 0x000001f77df1b340 Thread exited: 0x000001f77df1b340


Dynamic libraries:
0x00007ff667520000 - 0x00007ff66752e000 	C:\Users\chris\.jdks\ms-17.0.18\bin\java.exe
0x00007fffd2530000 - 0x00007fffd2728000 	C:\WINDOWS\SYSTEM32\ntdll.dll
0x00007fffd05f0000 - 0x00007fffd06b2000 	C:\WINDOWS\System32\KERNEL32.DLL
0x00007fffcff50000 - 0x00007fffd0246000 	C:\WINDOWS\System32\KERNELBASE.dll
0x00007fffd0300000 - 0x00007fffd0400000 	C:\WINDOWS\System32\ucrtbase.dll
0x00007fffb66f0000 - 0x00007fffb6708000 	C:\Users\chris\.jdks\ms-17.0.18\bin\jli.dll
0x00007fffad880000 - 0x00007fffad89e000 	C:\Users\chris\.jdks\ms-17.0.18\bin\VCRUNTIME140.dll
0x00007fffd1e60000 - 0x00007fffd2001000 	C:\WINDOWS\System32\USER32.dll
0x00007fffd0400000 - 0x00007fffd0422000 	C:\WINDOWS\System32\win32u.dll
0x00007fffbaa70000 - 0x00007fffbad0b000 	C:\WINDOWS\WinSxS\amd64_microsoft.windows.common-controls_6595b64144ccf1df_6.0.19041.6456_none_60b8a6cb71f64256\COMCTL32.dll
0x00007fffd0f80000 - 0x00007fffd0fab000 	C:\WINDOWS\System32\GDI32.dll
0x00007fffd0c80000 - 0x00007fffd0d1e000 	C:\WINDOWS\System32\msvcrt.dll
0x00007fffd0430000 - 0x00007fffd0549000 	C:\WINDOWS\System32\gdi32full.dll
0x00007fffcfc50000 - 0x00007fffcfced000 	C:\WINDOWS\System32\msvcp_win.dll
0x00007fffd0550000 - 0x00007fffd057f000 	C:\WINDOWS\System32\IMM32.DLL
0x00007fffc70b0000 - 0x00007fffc70bc000 	C:\Users\chris\.jdks\ms-17.0.18\bin\vcruntime140_1.dll
0x00007fffa52d0000 - 0x00007fffa5359000 	C:\Users\chris\.jdks\ms-17.0.18\bin\msvcp140.dll
0x00007fff74b60000 - 0x00007fff757da000 	C:\Users\chris\.jdks\ms-17.0.18\bin\server\jvm.dll
0x00007fffd1da0000 - 0x00007fffd1e51000 	C:\WINDOWS\System32\ADVAPI32.dll
0x00007fffd10b0000 - 0x00007fffd114f000 	C:\WINDOWS\System32\sechost.dll
0x00007fffd0e00000 - 0x00007fffd0f20000 	C:\WINDOWS\System32\RPCRT4.dll
0x00007fffd0250000 - 0x00007fffd0277000 	C:\WINDOWS\System32\bcrypt.dll
0x00007fffd1040000 - 0x00007fffd10ab000 	C:\WINDOWS\System32\WS2_32.dll
0x00007fffcf150000 - 0x00007fffcf19b000 	C:\WINDOWS\SYSTEM32\POWRPROF.dll
0x00007fffbf6e0000 - 0x00007fffbf707000 	C:\WINDOWS\SYSTEM32\WINMM.dll
0x00007fffc8950000 - 0x00007fffc895a000 	C:\WINDOWS\SYSTEM32\VERSION.dll
0x00007fffcefc0000 - 0x00007fffcefd2000 	C:\WINDOWS\SYSTEM32\UMPDC.dll
0x00007fffcda30000 - 0x00007fffcda42000 	C:\WINDOWS\SYSTEM32\kernel.appcore.dll
0x00007fffb6730000 - 0x00007fffb673a000 	C:\Users\chris\.jdks\ms-17.0.18\bin\jimage.dll
0x00007fffbdfa0000 - 0x00007fffbe1a1000 	C:\WINDOWS\SYSTEM32\DBGHELP.DLL
0x00007fffb6d10000 - 0x00007fffb6d44000 	C:\WINDOWS\SYSTEM32\dbgcore.DLL
0x00007fffcfbc0000 - 0x00007fffcfc42000 	C:\WINDOWS\System32\bcryptPrimitives.dll
0x00007fffad850000 - 0x00007fffad85f000 	C:\Users\chris\.jdks\ms-17.0.18\bin\instrument.dll
0x00007fffa54f0000 - 0x00007fffa5516000 	C:\Users\chris\.jdks\ms-17.0.18\bin\java.dll
0x00007fffa4050000 - 0x00007fffa4126000 	C:\Users\chris\.jdks\ms-17.0.18\bin\jsvml.dll
0x00007fffd1510000 - 0x00007fffd1c80000 	C:\WINDOWS\System32\SHELL32.dll
0x00007fffcdc30000 - 0x00007fffce3d5000 	C:\WINDOWS\SYSTEM32\windows.storage.dll
0x00007fffd11b0000 - 0x00007fffd1504000 	C:\WINDOWS\System32\combase.dll
0x00007fffcf5f0000 - 0x00007fffcf61b000 	C:\WINDOWS\SYSTEM32\Wldp.dll
0x00007fffd06c0000 - 0x00007fffd078d000 	C:\WINDOWS\System32\OLEAUT32.dll
0x00007fffd2150000 - 0x00007fffd21fd000 	C:\WINDOWS\System32\SHCORE.dll
0x00007fffd1150000 - 0x00007fffd11ab000 	C:\WINDOWS\System32\shlwapi.dll
0x00007fffcfaf0000 - 0x00007fffcfb14000 	C:\WINDOWS\SYSTEM32\profapi.dll
0x00007fffacda0000 - 0x00007fffacdb8000 	C:\Users\chris\.jdks\ms-17.0.18\bin\zip.dll
0x00007fffa5ec0000 - 0x00007fffa5edb000 	C:\Users\chris\.jdks\ms-17.0.18\bin\net.dll
0x00007fffc8260000 - 0x00007fffc836a000 	C:\WINDOWS\SYSTEM32\WINHTTP.dll
0x00007fffcf350000 - 0x00007fffcf3ba000 	C:\WINDOWS\system32\mswsock.dll
0x00007fffa5c80000 - 0x00007fffa5c96000 	C:\Users\chris\.jdks\ms-17.0.18\bin\nio.dll
0x00007fffa5f40000 - 0x00007fffa5f50000 	C:\Users\chris\.jdks\ms-17.0.18\bin\verify.dll
0x00007fffa4f60000 - 0x00007fffa4f87000 	D:\.gradle\native\68d5fa5c4cc2d200863cafc0d521ce42e7d3e7ee720ec0a83991735586a16f82\windows-amd64\native-platform.dll
0x00007fff93f40000 - 0x00007fff94084000 	D:\.gradle\native\e376f236ea51e6404a007f0833ffe2c6e607c4080706a723a18a27aeea778392\windows-amd64\native-platform-file-events.dll
0x00007fffa53d0000 - 0x00007fffa53da000 	C:\Users\chris\.jdks\ms-17.0.18\bin\management.dll
0x00007fffa53c0000 - 0x00007fffa53cc000 	C:\Users\chris\.jdks\ms-17.0.18\bin\management_ext.dll
0x00007fffd05e0000 - 0x00007fffd05e8000 	C:\WINDOWS\System32\PSAPI.DLL
0x00007fffcf550000 - 0x00007fffcf568000 	C:\WINDOWS\SYSTEM32\CRYPTSP.dll
0x00007fffcec00000 - 0x00007fffcec38000 	C:\WINDOWS\system32\rsaenh.dll
0x00007fffcfab0000 - 0x00007fffcfade000 	C:\WINDOWS\SYSTEM32\USERENV.dll
0x00007fffcf540000 - 0x00007fffcf54c000 	C:\WINDOWS\SYSTEM32\CRYPTBASE.dll
0x00007fffcefe0000 - 0x00007fffcf01b000 	C:\WINDOWS\SYSTEM32\IPHLPAPI.DLL
0x00007fffd2010000 - 0x00007fffd2018000 	C:\WINDOWS\System32\NSI.dll
0x00007fffc8e60000 - 0x00007fffc8e77000 	C:\WINDOWS\SYSTEM32\dhcpcsvc6.DLL
0x00007fffc9880000 - 0x00007fffc989d000 	C:\WINDOWS\SYSTEM32\dhcpcsvc.DLL
0x00007fffcf030000 - 0x00007fffcf0fa000 	C:\WINDOWS\SYSTEM32\DNSAPI.dll
0x00007fffa53b0000 - 0x00007fffa53b9000 	C:\Users\chris\.jdks\ms-17.0.18\bin\extnet.dll
0x00007fffa53a0000 - 0x00007fffa53ae000 	C:\Users\chris\.jdks\ms-17.0.18\bin\sunmscapi.dll
0x00007fffcfdf0000 - 0x00007fffcff4d000 	C:\WINDOWS\System32\CRYPT32.dll
0x00007fffcf660000 - 0x00007fffcf687000 	C:\WINDOWS\SYSTEM32\ncrypt.dll
0x00007fffcf620000 - 0x00007fffcf65b000 	C:\WINDOWS\SYSTEM32\NTASN1.dll
0x00007fffac690000 - 0x00007fffac697000 	C:\WINDOWS\system32\wshunix.dll
0x00007fffac2e0000 - 0x00007fffac2f7000 	C:\WINDOWS\system32\napinsp.dll
0x00007fffac2c0000 - 0x00007fffac2db000 	C:\WINDOWS\system32\pnrpnsp.dll
0x00007fffac2a0000 - 0x00007fffac2bd000 	C:\WINDOWS\system32\wshbth.dll
0x00007fffcbc30000 - 0x00007fffcbc4d000 	C:\WINDOWS\system32\NLAapi.dll
0x00007fffac250000 - 0x00007fffac262000 	C:\WINDOWS\System32\winrnr.dll
0x00007fffbf690000 - 0x00007fffbf69a000 	C:\Windows\System32\rasadhlp.dll
0x00007fffc5ed0000 - 0x00007fffc5f50000 	C:\WINDOWS\System32\fwpuclnt.dll
0x00007fffcee50000 - 0x00007fffcee83000 	C:\WINDOWS\SYSTEM32\ntmarta.dll
0x00007fffcd060000 - 0x00007fffcd0f4000 	C:\WINDOWS\system32\apphelp.dll
0x00007fffa5270000 - 0x00007fffa528e000 	C:\Users\chris\AppData\Local\Temp\native-platform9620522483211803824dir\native-platform.dll
0x00007fffa54b0000 - 0x00007fffa54b7000 	C:\Users\chris\.jdks\ms-17.0.18\bin\rmi.dll

dbghelp: loaded successfully - version: 4.0.5 - missing functions: none
symbol engine: initialized successfully - sym options: 0x614 - pdb path: .;C:\Users\chris\.jdks\ms-17.0.18\bin;C:\WINDOWS\SYSTEM32;C:\WINDOWS\WinSxS\amd64_microsoft.windows.common-controls_6595b64144ccf1df_6.0.19041.6456_none_60b8a6cb71f64256;C:\Users\chris\.jdks\ms-17.0.18\bin\server;D:\.gradle\native\68d5fa5c4cc2d200863cafc0d521ce42e7d3e7ee720ec0a83991735586a16f82\windows-amd64;D:\.gradle\native\e376f236ea51e6404a007f0833ffe2c6e607c4080706a723a18a27aeea778392\windows-amd64;C:\Users\chris\AppData\Local\Temp\native-platform9620522483211803824dir

VM Arguments:
jvm_args: --add-opens=java.base/java.util=ALL-UNNAMED --add-opens=java.base/java.lang=ALL-UNNAMED --add-opens=java.base/java.lang.invoke=ALL-UNNAMED --add-opens=java.prefs/java.util.prefs=ALL-UNNAMED --add-opens=java.base/java.nio.charset=ALL-UNNAMED --add-opens=java.base/java.net=ALL-UNNAMED --add-opens=java.base/java.util.concurrent.atomic=ALL-UNNAMED -Xmx2048m -Dfile.encoding=UTF-8 -Duser.country=US -Duser.language=en -Duser.variant -javaagent:D:\.gradle\wrapper\dists\gradle-8.1-bin\2eyty4r6kz6fpakefpk52nbbm\gradle-8.1\lib\agents\gradle-instrumentation-agent-8.1.jar 
java_command: org.gradle.launcher.daemon.bootstrap.GradleDaemon 8.1
java_class_path (initial): D:\.gradle\wrapper\dists\gradle-8.1-bin\2eyty4r6kz6fpakefpk52nbbm\gradle-8.1\lib\gradle-launcher-8.1.jar
Launcher Type: SUN_STANDARD

[Global flags]
     intx CICompilerCount                          = 4                                         {product} {ergonomic}
     uint ConcGCThreads                            = 2                                         {product} {ergonomic}
     uint G1ConcRefinementThreads                  = 8                                         {product} {ergonomic}
   size_t G1HeapRegionSize                         = 1048576                                   {product} {ergonomic}
    uintx GCDrainStackTargetSize                   = 64                                        {product} {ergonomic}
   size_t InitialHeapSize                          = 536870912                                 {product} {ergonomic}
   size_t MarkStackSize                            = 4194304                                   {product} {ergonomic}
   size_t MaxHeapSize                              = 2147483648                                {product} {command line}
   size_t MaxNewSize                               = 1287651328                                {product} {ergonomic}
   size_t MinHeapDeltaBytes                        = 1048576                                   {product} {ergonomic}
   size_t MinHeapSize                              = 8388608                                   {product} {ergonomic}
    uintx NonNMethodCodeHeapSize                   = 5839372                                {pd product} {ergonomic}
    uintx NonProfiledCodeHeapSize                  = 122909434                              {pd product} {ergonomic}
    uintx ProfiledCodeHeapSize                     = 122909434                              {pd product} {ergonomic}
    uintx ReservedCodeCacheSize                    = 251658240                              {pd product} {ergonomic}
     bool SegmentedCodeCache                       = true                                      {product} {ergonomic}
   size_t SoftMaxHeapSize                          = 2147483648                             {manageable} {ergonomic}
     bool UseCompressedClassPointers               = true                           {product lp64_product} {ergonomic}
     bool UseCompressedOops                        = true                           {product lp64_product} {ergonomic}
     bool UseG1GC                                  = true                                      {product} {ergonomic}
     bool UseLargePagesIndividualAllocation        = false                                  {pd product} {ergonomic}

Logging:
Log output configuration:
 #0: stdout all=warning uptime,level,tags
 #1: stderr all=off uptime,level,tags

Environment Variables:
JAVA_HOME=D:\jdk-21\jdk-21.0.5+11
PATH=C:\Program Files\SqlCmd\;C:\Program Files (x86)\Razer\ChromaBroadcast\bin;C:\Program Files\Razer\ChromaBroadcast\bin;C:\Program Files\Common Files\Oracle\Java\javapath;C:\WINDOWS\system32;C:\WINDOWS;C:\WINDOWS\System32\Wbem;C:\WINDOWS\System32\WindowsPowerShell\v1.0\;C:\WINDOWS\System32\OpenSSH\;C:\Program Files\Microsoft SQL Server\150\Tools\Binn\;C:\Program Files\Microsoft SQL Server\Client SDK\ODBC\170\Tools\Binn\;C:\Program Files\dotnet\;C:\Program Files (x86)\Microsoft SQL Server\160\Tools\Binn\;C:\Program Files\Microsoft SQL Server\160\Tools\Binn\;C:\Program Files\Microsoft SQL Server\160\DTS\Binn\;C:\composer;C:\Program Files\Git\cmd;C:\Program Files\nodejs\;C:\Program Files\Crucial\Crucial Storage Executive;C:\Program Files\NVIDIA Corporation\NVIDIA App\NvDLISR;C:\Program Files (x86)\NVIDIA Corporation\PhysX\Common;C:\WINDOWS\system32\config\systemprofile\AppData\Local\Microsoft\WindowsApps;C:\Program Files (x86)\Razer Chroma SDK\bin;C:\Program Files\Razer Chroma SDK\bin;C:\Program Files\MySQL\MySQL Shell 8.0\bin\;C:\Users\chris\AppData\Local\Microsoft\WindowsApps;D:\Microsoft VS Code\bin;C:\Users\chris\.dotnet\tools;C:\Program Files\Java\jdk-25\bin;C:\php;C:\Users\chris\AppData\Roaming\Composer\vendor\bin;C:\Users\chris\AppData\Roaming\npm;C:\Program Files\Microsoft SQL Server\170\Tools\Binn\;C:\Program Files (x86)\GtkSharp\2.12\bin;C:\WINDOWS\system32\config\systemprofile\AppData\Local\Muse Hub\lib;C:\Users\chris\AppData\Local\Programs\OpenAI\Codex\bin;C:\Ruby40-x64\bin;C:\Ruby33-x64\bin;C:\Users\chris\AppData\Local\Programs\Python\Python314\Scripts\;C:\Users\chris\AppData\Local\Programs\Python\Python314\;C:\Users\chris\AppData\Local\Programs\Python\Python310\Scripts\;C:\Users\chris\AppData\Local\Programs\Python\Python310\;C:\Program Files\MySQL\MySQL Shell 8.0\bin\;C:\Users\chris\AppData\Local\Microsoft\WindowsApps;C:\Program Files\Java\jdk-25\bin;C:\php;C:\Users\chris\AppData\Roaming\Composer\vendor\bin;C:\Users\chris\AppData\Roaming\npm;C:\Users\chris\AppData\Local\Programs\Ollama;C:\Users\chris\.dotnet\tools;C:\Users\chris\AppData\Local\Programs\Microsoft VS Code\bin;C:\Users\YourName\AppData\Local\Android\Sdk\platform-tools;C:\Users\chris\AppData\Local\Android\Sdk\platform-tools;C:\Program Files\TortoiseSVN\bin;C:\Python39;C:\Users\chris\AppData\Local\Python\bin;C:\gradle\gradle-9.4.1\bin;C:\spring-4.0.5\bin;C:\apache-maven-3.9.14\bin;C:\Users\chris\.dotnet\tools;C:\Users\chris\AppData\Local\Programs\cursor\resources\app\bin;D:\Kiro\bin;C:\Users\chris\AppData\Local\Muse Hub\lib;C:\Users\chris\AppData\Local\Microsoft\WinGet\Packages\BurntSushi.ripgrep.MSVC_Microsoft.Winget.Source_8wekyb3d8bbwe\ripgrep-15.1.0-x86_64-pc-windows-msvc;C:\Users\chris\AppData\Local\Microsoft\WinGet\Packages\sharkdp.fd_Microsoft.Winget.Source_8wekyb3d8bbwe\fd-v10.4.2-x86_64-pc-windows-msvc;
USERNAME=chris
OS=Windows_NT
PROCESSOR_IDENTIFIER=Intel64 Family 6 Model 158 Stepping 9, GenuineIntel
TMP=C:\Users\chris\AppData\Local\Temp
TEMP=C:\Users\chris\AppData\Local\Temp



Periodic native trim disabled


---------------  S Y S T E M  ---------------

OS:
 Windows 10 , 64 bit Build 19041 (10.0.19041.5915)
OS uptime: 0 days 6:57 hours
Hyper-V role detected

CPU: total 8 (initial active 8) (4 cores per cpu, 2 threads per core) family 6 model 158 stepping 9 microcode 0xb4, cx8, cmov, fxsr, ht, mmx, 3dnowpref, sse, sse2, sse3, ssse3, sse4.1, sse4.2, popcnt, lzcnt, tsc, tscinvbit, avx, avx2, aes, erms, clmul, bmi1, bmi2, adx, fma, vzeroupper, clflush, clflushopt, hv
Processor Information for the first 8 processors :
  Max Mhz: 2808, Current Mhz: 2808, Mhz Limit: 2808

Memory: 4k page, system-wide physical 32649M (13236M free)
TotalPageFile size 33161M (AvailPageFile size 9922M)
current process WorkingSet (physical memory assigned to process): 1126M, peak: 1192M
current process commit charge ("private bytes"): 1182M, peak: 1253M

vm_info: OpenJDK 64-Bit Server VM (17.0.18+8-LTS) for windows-amd64 JRE (17.0.18+8-LTS), built on Jan 15 2026 18:50:45 by "MicrosoftCorporation" with MS VC++ 17.14 (VS2022)

END.
